"userID","school","team","PhysicsScorePre","PhysicsScorePre_EcT","PhysicsScorePre_PoT","PhysicsScorePost","PhysicsScorePost_EcT","PhysicsScorePost_PoT","MCScorePre","MCScorePost","isMale","isFemale","isOtherGender","isWhite","isBlack","isNativeAmerican","isAsian","isNativeHawaiian","IsHispanic","isOtherRace","raceValue","Age_Integer","English_First_Language","School_Year","STEM_Major","GPA_Float","SAT","ACT","SAT_Scale","Prior_Physics","extraversion","agreeableness","conscientiousness","stability","openness","ISWT_collectivism_mean","Lead_ISWT_self_efficacy_mean","SEP_mean","IMI_PP_interest_enjoyment_mean","IMI_PP_perceived_competance_mean","IMI_PP_effort_importance_mean","IMI_PP_pressure_tension_mean","IMI_PP_value_usefulness_mean","IMI_PP_MW_mean","IMI_MC_interest_enjoyment_mean","IMI_MC_perceived_competance_mean","IMI_MC_effort_importance_mean","IMI_MC_pressure_tension_mean","IMI_MC_value_usefulness_mean","IMI_MC_MW_mean","startDay","duration","pretest","PretestScores_Replaced","follow_up","perceivedRaceAndGender"
"CPS2-ASU-T10-PA","ASU","ASU-T10",6,3,3,7,4,3,5,NA,0,1,0,1,0,0,0,0,0,0,0.44,20,1,4,0,4,NA,NA,1,1,11,9,11,5,11,3.33333333333333,5.77468299871276,5,2.33333333333333,2.33333333333333,2.33333333333333,3,2,3.66666666666667,5,5,2.33333333333333,2.66666666666667,5.33333333333333,3.33333333333333,"2018-06-25",3926,"X",0,0,0
"CPS2-ASU-T10-PB","ASU","ASU-T10",5,3,2,8,4,4,2,NA,1,0,0,1,0,0,0,0,0,0,0.44,42,1,5,0,3,NA,NA,1,0,9,7,14,14,14,2.33333333333333,6.02468299871276,6,3,3.66666666666667,5,2,3.33333333333333,3,2.66666666666667,3.66666666666667,5.33333333333333,2.66666666666667,1,3,"2018-06-25",2856,"X",0,0,0
"CPS2-ASU-T10-PC","ASU","ASU-T10",7,4,3,10,5,5,4,NA,0,1,0,1,0,0,0,0,0,0,0.44,20,1,4,1,4,2040,NA,1,2,12,12,11,5,9,5.33333333333333,5.5,3.66666666666667,5,3,4.66666666666667,5,4,3.33333333333333,3.66666666666667,5,3.33333333333333,3,4,3.33333333333333,"2018-06-23",2802,"X",0,0,0
"CPS2-ASU-T100-PA","ASU","ASU-T100",6,3,3,7,2,5,2,1,1,0,0,0,0,0,1,0,0,0,0.08,18,1,1,0,3.57,NA,21,4,0,12,8,13,14,9,5.66666666666667,6.02468299871276,5.66666666666667,4.66666666666667,3.33333333333333,3.66666666666667,3,5.33333333333333,3.33333333333333,6,4.33333333333333,5,2.66666666666667,3.33333333333333,4.33333333333333,"2019-04-15",2409,"Y",0,0,0
"CPS2-ASU-T100-PC","ASU","ASU-T100",8,3,5,7,2,5,3,1,1,0,0,0,0,0,1,0,0,0,0.08,28,0,2,0,3.8,NA,NA,4,0,9,9,10,11,11,5.33333333333333,5.75,5,5.66666666666667,3.66666666666667,5,2,5.66666666666667,3.33333333333333,4.66666666666667,5,5,2.33333333333333,6,3.66666666666667,"2019-04-13",4123,"Y",0,0,0
"CPS2-ASU-T100-PD","ASU","ASU-T100",7,3,4,7,3,4,5,1,1,0,0,1,0,0,0,0,0,0,0.44,18,1,1,0,3.86,NA,NA,3,1,13,8,12,10,9,4.33333333333333,5.27468299871276,5,4.66666666666667,5,5.33333333333333,2.33333333333333,3.66666666666667,3.66666666666667,4.33333333333333,5.66666666666667,4,2.33333333333333,4,3.66666666666667,"2019-04-15",1555,"Y",0,0,0
"CPS2-ASU-T102-PB","ASU","ASU-T102",5,2,3,8,3,5,5,0,1,0,0,1,0,0,0,0,0,0,0.44,25,1,3,0,3.4,NA,NA,4,0,8,6,13,9,10,5.33333333333333,6,4,3.66666666666667,3,4.33333333333333,4.33333333333333,4.33333333333333,4,6.33333333333333,5.66666666666667,5.66666666666667,2,6,3.33333333333333,"2019-04-17",2567,"Y",0,0,0
"CPS2-ASU-T102-PC","ASU","ASU-T102",8,3,5,10,5,5,5,1,1,0,0,1,0,0,0,0,0,0,0.44,22,1,4,1,3.82,NA,28,1,1,10,5,12,13,8,4,5.52468299871276,5.66666666666667,6.66666666666667,3,4.33333333333333,2,3,3,3.33333333333333,4.33333333333333,3.66666666666667,2.66666666666667,3.33333333333333,3.66666666666667,"2019-04-17",3248,"Y",0,0,0
"CPS2-ASU-T102-PD","ASU","ASU-T102",8,5,3,6,2,4,4,1,0,0,1,1,0,0,0,0,0,0,0.44,19,1,1,0,3.81,NA,27,4,0,7,12,10,6,12,6,2.73607349420743,5.66666666666667,5.33333333333333,1,5.66666666666667,5,4,3,2,7,2.66666666666667,1,5.33333333333333,6.33333333333333,"2019-04-15",3362,"Y",0,0,0
"CPS2-ASU-T103-PB","ASU","ASU-T103",6,2,4,6,1,5,5,0,0,1,0,0,0,0,0,0,1,0,0.39,22,0,3,1,4,NA,NA,3,0,5,11,14,9,11,4.66666666666667,5.29936599742552,4,4.33333333333333,1.66666666666667,6,5.66666666666667,3.33333333333333,3.33333333333333,2,2,3.33333333333333,4,1.33333333333333,4,"2019-04-18",7713,"Y",0,0,0
"CPS2-ASU-T103-PC","ASU","ASU-T103",5,2,3,5,2,3,4,1,0,1,0,0,0,0,0,0,1,0,0.39,19,0,1,1,3,NA,22,3,0,7,7,9,9,12,2.33333333333333,4.57404899613828,5,4.33333333333333,4.33333333333333,5.33333333333333,4,3.66666666666667,3,5,4.66666666666667,5.33333333333333,4.66666666666667,2.66666666666667,3.33333333333333,"2019-04-17",1076,"Y",0,0,0
"CPS2-ASU-T103-PD","ASU","ASU-T103",8,4,4,8,3,5,5,1,0,1,0,0,0,0,0,0,1,0,0.39,20,0,3,1,3.7,NA,NA,2,1,2,8,9,12,9,3.33333333333333,5.71139049549466,7,6.33333333333333,1.33333333333333,6.66666666666667,7,5.33333333333333,5.33333333333333,4.66666666666667,7,5,1,4,3.33333333333333,"2019-04-18",3815,"Y",0,0,0
"CPS2-ASU-T104-PA","ASU","ASU-T104",7,3,4,9,4,5,4,0,0,1,0,0,0,0,0,0,1,0,0.39,19,1,1,1,4,NA,27,2,0,12,10,11,10,8,6,4.97531700128724,4.66666666666667,6.33333333333333,3.33333333333333,6.33333333333333,5.66666666666667,6,2.33333333333333,3.66666666666667,3.66666666666667,5.66666666666667,3.33333333333333,4.33333333333333,4,"2019-04-22",3758,"Y",0,0,0
"CPS2-ASU-T104-PB","ASU","ASU-T104",6,2,4,8,4,4,5,1,0,1,0,1,0,0,0,0,0,0,0.44,19,1,1,1,3.02,NA,NA,2,0,10,9,13,10,12,4.33333333333333,5.88734149935638,6,6.33333333333333,4.66666666666667,5.33333333333333,3.33333333333333,5.66666666666667,5,6,6,6,3.66666666666667,6,4.66666666666667,"2019-04-23",4358,"Y",0,0,0
"CPS2-ASU-T104-PC","ASU","ASU-T104",4,1,3,6,2,4,3,3,0,1,0,0,0,0,0,0,1,0,0.39,28,0,3,1,3.65,NA,NA,3,0,14,10,12,7,10,2.66666666666667,5.63734149935638,3.66666666666667,1,1,7,7,1,5,6.66666666666667,6.66666666666667,3.66666666666667,1,7,3.33333333333333,"2019-04-23",4074,"Y",0,0,0
"CPS2-ASU-T20-PA","ASU","ASU-T20",5.86,2.54,3.31,4,2,2,4.04,NA,1,0,0,0,0,0,1,0,0,0,0.08,21,0,4,1,2.98,1520,NA,1,1,9,14,12,14,11,6,5.54936599742552,4,5,4.66666666666667,4,3.33333333333333,2.66666666666667,3.66666666666667,5,5.33333333333333,5,3,4.33333333333333,3.33333333333333,"2019-06-14",1193,NA,1,1,0
"CPS2-ASU-T20-PB","ASU","ASU-T20",5.86,2.54,3.31,10,5,5,4.04,NA,0,1,0,1,0,0,0,0,0,0,0.44,NA,NA,NA,NA,NA,NA,NA,NA,NA,NA,NA,NA,NA,NA,NA,NA,NA,NA,NA,NA,NA,NA,NA,NA,NA,NA,NA,NA,NA,NA,NA,NA,1,NA,1
"CPS2-ASU-T20-PC","ASU","ASU-T20",7,3,4,7,2,5,5,NA,1,0,0,1,0,0,0,0,0,0,0.44,25,0,5,1,2.84,NA,NA,3,3,2,8,8,13,10,4,4.48607349420743,5.33333333333333,5.33333333333333,3.33333333333333,5,4.33333333333333,4.66666666666667,4.66666666666667,3.66666666666667,7,2.33333333333333,1,4,3,"2018-07-15",3030,"Y",0,0,0
"CPS2-ASU-T24-PA","ASU","ASU-T24",5.86,2.54,3.31,7,3,4,4.04,NA,0,1,0,1,0,0,0,0,0,0,0.44,23,1,5,0,4,2100,NA,1,1,13,8,13,4,11,2,5.13734149935638,3,6,5.33333333333333,6.33333333333333,5.66666666666667,5,2.66666666666667,3.33333333333333,3.66666666666667,5,2.66666666666667,4.66666666666667,3,"2019-05-31",326,NA,1,1,0
"CPS2-ASU-T24-PB","ASU","ASU-T24",5.86,2.54,3.31,7,4,3,4.04,NA,0,1,0,1,0,0,0,0,0,0,0.44,NA,NA,NA,NA,NA,NA,NA,NA,NA,NA,NA,NA,NA,NA,NA,NA,NA,NA,NA,NA,NA,NA,NA,NA,NA,NA,NA,NA,NA,NA,NA,NA,1,NA,1
"CPS2-ASU-T24-PC","ASU","ASU-T24",6,3,3,9,5,4,5,NA,0,1,0,1,0,0,0,0,0,0,0.44,19,1,2,1,3.89,1370,NA,2,2,7,8,11,6,9,5,5.46139049549466,3,4.33333333333333,3.33333333333333,4,3,4.66666666666667,4.33333333333333,4,4.66666666666667,3.33333333333333,2,4.66666666666667,3.66666666666667,"2018-07-16",4643,"Y",0,0,0
"CPS2-ASU-T25-PA","ASU","ASU-T25",7,3,4,9,4,5,5,NA,1,0,0,1,0,0,0,0,0,0,0.44,21,1,4,0,2.97,NA,29,4,1,11,11,12,10,13,4.66666666666667,6.13734149935638,4.33333333333333,5.33333333333333,5.66666666666667,6,3.66666666666667,6,3.33333333333333,5.33333333333333,6.66666666666667,5.33333333333333,1.33333333333333,5,3.33333333333333,"2018-07-17",3656,"X",0,0,0
"CPS2-ASU-T25-PC","ASU","ASU-T25",7,3,4,6,2,4,2,NA,0,1,0,0,0,1,0,0,0,0,0.02,22,1,5,1,3.65,NA,NA,3,0,5,7,11,5,8,2.33333333333333,5.42595100386172,5,5.66666666666667,1.33333333333333,4.66666666666667,5.33333333333333,5.66666666666667,4,6.66666666666667,3.66666666666667,6,4.33333333333333,6.33333333333333,3,"2018-07-15",8031,"X",0,0,0
"CPS2-ASU-T25-PD","ASU","ASU-T25",9,4,5,9,5,4,4,NA,1,0,0,1,0,0,0,0,0,0,0.44,22,1,4,1,3.38,2270,35,1,1,4,9,5,3,8,2.66666666666667,3.52468299871276,2.33333333333333,6,2.33333333333333,2.66666666666667,1.66666666666667,5.33333333333333,4,3.33333333333333,5.66666666666667,2.33333333333333,2,5,5.66666666666667,"2018-07-13",5100,"X",0,0,0
"CPS2-ASU-T32-PA","ASU","ASU-T32",9,5,4,9,5,4,5,NA,0,1,0,1,0,0,0,0,0,0,0.44,20,1,3,1,4,NA,NA,1,3,12,9,12,9,12,4,6.33797550193086,5.33333333333333,6.33333333333333,5,7,4.33333333333333,6,2.33333333333333,6.33333333333333,4.66666666666667,6.66666666666667,2,5.66666666666667,3.33333333333333,"2018-07-31",6258,"X",0,0,0
"CPS2-ASU-T32-PB","ASU","ASU-T32",8,3,5,8,3,5,4,NA,0,1,0,1,0,0,0,0,0,0,0.44,20,1,3,1,3.9,NA,NA,1,1,8,9,9,13,13,3,5.66202449806914,6,5,5.33333333333333,4,1,4.66666666666667,4,2.66666666666667,6.33333333333333,3.33333333333333,1.66666666666667,4,4.66666666666667,"2018-08-01",2345,"X",0,0,0
"CPS2-ASU-T32-PD","ASU","ASU-T32",6,2,4,6,2,4,4,NA,0,1,0,0,0,0,1,0,0,0,0.08,20,0,3,1,3.83,NA,NA,1,1,8,9,10,8,6,1.33333333333333,5.29936599742552,5.33333333333333,5,2.33333333333333,5.66666666666667,6,6,5.66666666666667,4.66666666666667,7,4.66666666666667,2.66666666666667,3.33333333333333,7,"2018-07-30",4196,"X",0,0,0
"CPS2-ASU-T34-PA","ASU","ASU-T34",8,4,4,8,3,5,5,2,1,0,0,1,0,0,0,0,0,0,0.44,20,1,3,1,4,2110,NA,1,2,12,9,13,11,10,4,6.54936599742552,6.33333333333333,6,4,4.66666666666667,1.66666666666667,4.66666666666667,5.33333333333333,5.66666666666667,6,3,2.33333333333333,4.33333333333333,3.66666666666667,"2018-09-05",3890,"Y",0,0,0
"CPS2-ASU-T34-PB","ASU","ASU-T34",7,3,4,4,1,3,5,1,0,0,1,0,0,0,0,0,1,0,0.39,23,0,3,1,3.56,1860,NA,1,1,8,11,9,6,10,3.66666666666667,4.82404899613828,3.66666666666667,4,4.33333333333333,4.66666666666667,4.33333333333333,6,4.33333333333333,4,6,5,2,5.33333333333333,5,"2018-09-05",3376,"Y",0,0,0
"CPS2-ASU-T34-PC","ASU","ASU-T34",7,3,4,4,2,2,5,1,0,1,0,1,0,0,0,0,0,0,0.44,28,1,3,1,NA,NA,NA,4,0,4,10,10,10,11,3.33333333333333,4.97531700128724,4,5.33333333333333,1.66666666666667,4.33333333333333,5.33333333333333,5,3.66666666666667,6,5.66666666666667,6,3,4,3.33333333333333,"2018-09-04",4485,"Y",0,0,0
"CPS2-ASU-T35-PA","ASU","ASU-T35",7,3,4,9,4,5,5,1,0,1,0,0,0,0,0,0,1,0,0.39,18,1,3,1,3.35,NA,NA,3,0,9,9,12,8,12,3,6,4,4.66666666666667,3.33333333333333,5,3,5,4.33333333333333,5.33333333333333,5.33333333333333,4.66666666666667,4,5,3.66666666666667,"2018-09-10",3702,"Y",0,0,0
"CPS2-ASU-T35-PC","ASU","ASU-T35",7,3,4,5,2,3,5,0,0,1,0,0,0,0,0,0,1,0,0.39,19,1,2,1,3.5,NA,NA,3,0,8,10,12,9,9,5,5.02468299871276,4.66666666666667,6.33333333333333,5,6,4,6,5,6,6,6,3,6,5.66666666666667,"2018-09-08",4233,"Y",0,0,0
"CPS2-ASU-T35-PD","ASU","ASU-T35",2,1,1,5,1,4,3,0,0,1,0,0,0,0,1,0,0,0,0.08,19,1,2,1,3.55,NA,NA,3,0,7,13,9,5,12,2.33333333333333,4.71139049549466,4.33333333333333,6.66666666666667,3,6.66666666666667,5.66666666666667,6.33333333333333,6.66666666666667,5,6.66666666666667,6.66666666666667,4.66666666666667,3,5.33333333333333,"2018-09-09",88599,"Y",0,0,0
"CPS2-ASU-T36-PA","ASU","ASU-T36",6,2,4,6,2,4,5,4,0,1,0,1,0,0,0,0,0,0,0.44,36,1,4,1,4,NA,NA,4,0,8,10,8,7,10,3,4.21139049549466,4.66666666666667,5.66666666666667,5,5,4,5,3.66666666666667,3.33333333333333,5.66666666666667,4,3,4.33333333333333,5,"2018-09-08",3676,"Y",0,0,0
"CPS2-ASU-T36-PB","ASU","ASU-T36",2,0,2,2,2,0,3,2,0,1,0,0,0,0,0,0,1,0,0.39,18,0,1,1,NA,NA,NA,3,0,5,11,12,11,7,3,5.45063400257448,1,6.33333333333333,3.66666666666667,5,3.66666666666667,4,3,4.66666666666667,3.66666666666667,3.33333333333333,3,3.33333333333333,3.33333333333333,"2018-09-10",2174,"Y",0,0,0
"CPS2-ASU-T36-PC","ASU","ASU-T36",5.86,2.54,3.31,5,2,3,4.04,1,0,1,0,0,0,0,0,0,1,0,0.39,NA,NA,NA,NA,NA,NA,NA,NA,NA,NA,NA,NA,NA,NA,NA,NA,NA,NA,NA,NA,NA,NA,NA,NA,NA,NA,NA,NA,NA,NA,NA,NA,1,NA,1
"CPS2-ASU-T37-PB","ASU","ASU-T37",3,1,2,5,1,4,5,1,0,1,0,0,0,0,0,0,1,0,0.39,18,1,1,1,NA,NA,18,4,0,9,10,9,6,12,3.66666666666667,4.27468299871276,5,5,3.33333333333333,4.33333333333333,2.66666666666667,4.33333333333333,5.33333333333333,3.66666666666667,5.66666666666667,4,3.66666666666667,4.33333333333333,5,"2018-09-12",6360,"Y",0,0,0
"CPS2-ASU-T37-PC","ASU","ASU-T37",2,1,1,8,3,5,5,1,0,1,0,1,0,0,0,0,0,0,0.44,32,1,2,1,3.4,NA,NA,1,2,9,13,10,13,9,3,5.54936599742552,4.66666666666667,5.66666666666667,2,3.33333333333333,5.33333333333333,5.66666666666667,3.66666666666667,7,7,7,1,7,3,"2018-09-10",3653,"Y",0,0,0
"CPS2-ASU-T37-PD","ASU","ASU-T37",4,2,2,5,2,3,4,1,0,1,0,0,0,0,0,0,1,0,0.39,18,0,1,1,NA,NA,25,4,0,7,9,12,12,10,2.33333333333333,5.4367074967819,5.66666666666667,6,3.33333333333333,6,3,4.33333333333333,3.33333333333333,5.33333333333333,5.66666666666667,5.33333333333333,2,3.33333333333333,3.33333333333333,"2018-09-10",3724,"Y",0,0,0
"CPS2-ASU-T38-PA","ASU","ASU-T38",3,1,2,4,1,3,5,NA,0,1,0,0,0,0,0,0,1,0,0.39,22,0,3,1,3.5,NA,NA,4,0,12,10,12,5,13,6,5.37341499356381,4,3.66666666666667,1.33333333333333,5.66666666666667,5.33333333333333,3.33333333333333,3,5.33333333333333,4.66666666666667,6,4,4.66666666666667,3.33333333333333,"2018-09-12",4544,"Y",0,0,0
"CPS2-ASU-T38-PB","ASU","ASU-T38",4,2,2,5,3,2,5,NA,0,1,0,0,0,0,0,0,1,0,0.39,20,0,3,1,2.75,NA,25,3,0,8,12,9,8,13,1.66666666666667,5.1867074967819,5.33333333333333,6,2.66666666666667,4.66666666666667,2.66666666666667,4,3,5.33333333333333,3.66666666666667,3.66666666666667,2,4,2.66666666666667,"2018-09-12",4774,"Y",0,0,0
"CPS2-ASU-T38-PC","ASU","ASU-T38",7,4,3,5,2,3,4,NA,1,0,0,0,0,0,0,0,1,0,0.39,26,0,3,1,3.3,NA,NA,3,1,10,10,13,11,10,3.66666666666667,5.27468299871276,4,7,3,6.33333333333333,4.66666666666667,7,2.33333333333333,4,5,6,3,4.66666666666667,3.66666666666667,"2018-09-10",4316,"Y",0,0,0
"CPS2-ASU-T39-PB","ASU","ASU-T39",5,3,2,5,2,3,3,2,0,1,0,0,0,0,0,0,1,0,0.39,18,0,1,1,NA,NA,NA,3,0,5,10,9,9,12,3.66666666666667,6,5,7,6,6.66666666666667,6.33333333333333,6,6,2.33333333333333,3.33333333333333,5.33333333333333,6.66666666666667,3,3.33333333333333,"2018-09-15",5677,"Y",0,0,0
"CPS2-ASU-T39-PC","ASU","ASU-T39",7,2,5,7,3,4,4,1,1,0,0,0,0,0,0,0,1,0,0.39,23,1,3,0,3.25,NA,NA,3,0,8,11,13,8,12,2.66666666666667,5.77468299871276,4,5.66666666666667,3.66666666666667,5.66666666666667,4,5,2.66666666666667,5.66666666666667,5.33333333333333,5.33333333333333,3.66666666666667,5.33333333333333,2.66666666666667,"2018-09-17",6912,"Y",0,0,0
"CPS2-ASU-T39-PD","ASU","ASU-T39",5,3,2,7,3,4,3,1,0,1,0,1,0,0,0,0,0,0,0.44,18,1,1,1,NA,1250,NA,2,0,10,11,13,9,10,4,5.54936599742552,4.33333333333333,5,3.66666666666667,5,4.66666666666667,4.33333333333333,4,3.66666666666667,3,6,6.33333333333333,3,2.66666666666667,"2018-09-17",13930,"Y",0,0,0
"CPS2-ASU-T40-PA","ASU","ASU-T40",4,1,3,7,3,4,4,1,1,0,0,0,0,0,0,0,0,1,0.04,34,1,3,1,3.97,NA,NA,4,0,7,7,13,12,11,5,5.16202449806914,5.33333333333333,6,3.66666666666667,5.33333333333333,4.66666666666667,6,5.33333333333333,4.33333333333333,4.33333333333333,5.33333333333333,3,4.66666666666667,4.66666666666667,"2018-09-16",3481,"Y",0,0,0
"CPS2-ASU-T40-PB","ASU","ASU-T40",7,4,3,4,2,2,4,2,0,1,0,0,0,0,0,0,1,0,0.39,26,1,4,1,3.64,NA,NA,3,0,2,11,13,8,10,3.66666666666667,4.66202449806914,3.66666666666667,4.33333333333333,5.33333333333333,3.66666666666667,1.66666666666667,2.66666666666667,4,5,3.33333333333333,2.33333333333333,1.33333333333333,3.66666666666667,4.33333333333333,"2018-09-16",3819,"Y",0,0,0
"CPS2-ASU-T40-PC","ASU","ASU-T40",5,2,3,6,2,4,4,0,0,1,0,0,0,0,0,0,1,0,0.39,18,0,1,1,NA,NA,20,4,0,7,9,12,6,10,4.33333333333333,5.32404899613828,5,4.33333333333333,1.33333333333333,6,5.66666666666667,3,4.33333333333333,6,5,6,5,5,4.33333333333333,"2018-09-15",4263,"Y",0,0,0
"CPS2-ASU-T41-PB","ASU","ASU-T41",7,4,3,9,5,4,5,1,1,0,0,1,0,0,0,0,0,0,0.44,21,1,4,1,3.7,NA,32,3,2,7,9,12,12,10,5.33333333333333,5.27468299871276,5.66666666666667,5.33333333333333,5.66666666666667,5.66666666666667,2,5.66666666666667,3.66666666666667,6,5.66666666666667,6,2,6,3.66666666666667,"2018-09-19",3750,"Y",0,0,0
"CPS2-ASU-T41-PC","ASU","ASU-T41",5,2,3,6,2,4,5,1,0,1,0,0,0,0,0,0,1,0,0.39,31,0,3,1,3.12,NA,NA,3,0,7,11,12,9,13,4.66666666666667,5.07404899613828,5.33333333333333,6.33333333333333,5.33333333333333,5,3.66666666666667,6,3.66666666666667,5,4.33333333333333,4.33333333333333,2,4.66666666666667,3.66666666666667,"2018-09-19",10392,"Y",0,0,0
"CPS2-ASU-T41-PD","ASU","ASU-T41",3,2,1,5,2,3,2,3,0,1,0,0,0,0,0,0,1,0,0.39,18,1,1,1,NA,NA,NA,3,0,4,11,13,11,11,4.66666666666667,4.34873199485105,4,6,4.66666666666667,5.33333333333333,4.33333333333333,5,6.33333333333333,2,6.66666666666667,4.33333333333333,4,1.33333333333333,5,"2018-09-19",9413,"Y",0,0,0
"CPS2-ASU-T42-PB","ASU","ASU-T42",6,2,4,5,1,4,5,0,0,1,0,0,0,0,0,0,1,0,0.39,18,0,1,1,3.4,NA,21,4,0,2,12,11,11,7,5.33333333333333,4.26075649292019,5,6.66666666666667,3.66666666666667,6,3.33333333333333,5.33333333333333,3.33333333333333,2.66666666666667,4.33333333333333,2.66666666666667,1.66666666666667,3.33333333333333,5.66666666666667,"2018-09-19",17605,"X",0,0,0
"CPS2-ASU-T42-PC","ASU","ASU-T42",7,3,4,7,3,4,2,1,1,0,0,0,0,0,1,0,0,0,0.08,25,0,2,1,2.7,NA,NA,4,1,9,6,9,10,8,3,5.5632925032181,5.33333333333333,4,5.33333333333333,4,5,5.66666666666667,5.66666666666667,3,3.33333333333333,5.33333333333333,5.33333333333333,5.33333333333333,4.66666666666667,"2018-09-17",2306,"X",0,0,0
"CPS2-ASU-T42-PD","ASU","ASU-T42",8,4,4,4,2,2,3,1,0,1,0,0,0,0,0,0,1,0,0.39,18,1,1,1,NA,NA,NA,3,0,3,7,12,7,7,2,2.84873199485104,2,4.66666666666667,4.33333333333333,4.66666666666667,3,3,4,2.33333333333333,4,3.66666666666667,1.66666666666667,2.33333333333333,4,"2018-09-19",7095,"X",0,0,0
"CPS2-ASU-T43-PA","ASU","ASU-T43",6,2,4,6,1,5,5,NA,1,0,0,0,0,0,0,0,0,1,0.04,21,1,3,0,2.7,NA,30,3,0,13,12,12,12,13,5.66666666666667,6.66202449806914,6,5,5,6.33333333333333,3,5.33333333333333,4,2.66666666666667,5,3.33333333333333,1.66666666666667,3,4.33333333333333,"2018-09-24",4927,"X",0,0,0
"CPS2-ASU-T43-PB","ASU","ASU-T43",6,1,5,3,1,2,5,NA,1,0,0,0,0,0,0,0,1,0,0.39,32,0,5,0,3.25,NA,NA,3,0,13,12,13,13,14,5.33333333333333,6.20063400257448,5,6,3,6.33333333333333,1,6.33333333333333,4.66666666666667,5.66666666666667,6.33333333333333,6.66666666666667,1,6.33333333333333,5,"2018-09-21",6280,"X",0,0,0
"CPS2-ASU-T43-PC","ASU","ASU-T43",4,1,3,6,4,2,5,NA,0,1,0,0,0,0,0,0,1,0,0.39,19,0,2,1,2.82,NA,23,4,0,11,9,11,10,12,4,6.52468299871276,3.66666666666667,6.33333333333333,3.33333333333333,5.33333333333333,2.66666666666667,5.33333333333333,4,7,4.33333333333333,6.33333333333333,1,6.66666666666667,3.33333333333333,"2018-09-23",3885,"X",0,0,0
"CPS2-ASU-T44-PA","ASU","ASU-T44",8,3,5,9,4,5,5,1,0,1,0,0,0,0,0,0,1,0,0.39,20,1,2,0,3.88,NA,24,4,1,8,6,12,11,10,3.66666666666667,5.38734149935638,6.66666666666667,4,2.33333333333333,4,5.33333333333333,2.66666666666667,3.66666666666667,4,5,4.66666666666667,2.66666666666667,4.33333333333333,3.33333333333333,"2018-09-22",119517,"X",0,0,0
"CPS2-ASU-T44-PB","ASU","ASU-T44",4,3,1,5,2,3,2,1,0,1,0,0,0,0,0,0,1,0,0.39,18,0,3,1,4,NA,NA,2,1,4,10,11,5,10,3.33333333333333,4.52468299871276,4.33333333333333,4,3.66666666666667,4.66666666666667,2.66666666666667,2.66666666666667,3.33333333333333,4,6,3,1.33333333333333,1.33333333333333,2,"2018-09-24",5290,"X",0,0,0
"CPS2-ASU-T44-PC","ASU","ASU-T44",5.86,2.54,3.31,5,2,3,4.04,0,0,1,0,1,0,0,0,0,0,0,0.44,19,1,2,1,3.5,NA,NA,2,1,9,12,13,9,13,3.33333333333333,6.38734149935638,7,5.33333333333333,6,6.66666666666667,4.33333333333333,6,3.66666666666667,6,6,6,2,6,3.33333333333333,"2019-10-04",1380,NA,1,1,0
"CPS2-ASU-T45-PA","ASU","ASU-T45",4,2,2,8,4,4,4,1,0,1,0,1,0,0,0,0,0,0,0.44,22,0,3,1,3.017,NA,NA,3,0,10,13,11,6,11,6.33333333333333,4.1867074967819,4.33333333333333,6.66666666666667,2.33333333333333,6.66666666666667,5,6,3,5,4,5.66666666666667,5.66666666666667,2.66666666666667,3.66666666666667,"2018-09-26",6048,"X",0,0,0
"CPS2-ASU-T45-PB","ASU","ASU-T45",7,4,3,9,5,4,5,0,1,0,0,1,0,0,0,0,0,0,0.44,19,1,2,0,3.49,NA,NA,2,1,6,8,12,13,9,4.66666666666667,5.32404899613828,5.66666666666667,5.33333333333333,5.66666666666667,5,2.66666666666667,6,6,4.66666666666667,6.33333333333333,3.33333333333333,2,4.33333333333333,5,"2018-09-25",4475,"X",0,0,0
"CPS2-ASU-T45-PC","ASU","ASU-T45",4,2,2,5,2,3,5,0,0,1,0,1,0,0,0,0,0,0,0.44,18,1,1,1,4,1020,NA,2,1,6,10,12,8,11,4,3.82404899613828,4,4,4.66666666666667,4,4,4,4,4.66666666666667,4,5,3.66666666666667,4.66666666666667,3.66666666666667,"2018-09-25",5514,"X",0,0,0
"CPS2-ASU-T46-PB","ASU","ASU-T46",5,1,4,7,3,4,4,2,0,0,1,0,0,0,0,0,1,0,0.39,18,1,1,1,NA,1130,23,2,1,9,10,14,5,14,5,6.61265850064362,6,4.66666666666667,4,6.66666666666667,6.66666666666667,4.33333333333333,3.33333333333333,6.66666666666667,7,6.66666666666667,2.66666666666667,6.66666666666667,2.66666666666667,"2018-09-23",92959,"X",0,0,0
"CPS2-ASU-T46-PC","ASU","ASU-T46",4,1,3,7,3,4,4,0,1,0,0,0,0,0,0,0,1,0,0.39,18,1,1,1,3.3,NA,NA,3,0,4,9,12,11,10,3.33333333333333,4.34873199485105,4,7,6.33333333333333,6.66666666666667,1,6.33333333333333,5.66666666666667,6,6,6,2,6,4.66666666666667,"2018-09-25",5754,"X",0,0,0
"CPS2-ASU-T46-PD","ASU","ASU-T46",5,2,3,7,3,4,5,1,1,0,0,0,0,0,1,0,0,0,0.08,21,0,3,1,3.43,NA,NA,3,0,2,6,10,9,6,1.33333333333333,2.38734149935638,4,4.33333333333333,4.33333333333333,5,4.33333333333333,5.66666666666667,5.66666666666667,4.66666666666667,4.66666666666667,4.66666666666667,4,5.66666666666667,5.66666666666667,"2018-09-26",5197,"X",0,0,0
"CPS2-ASU-T47-PA","ASU","ASU-T47",5.86,2.54,3.31,6,3,3,4.04,1,0,1,0,0,0,0,0,0,1,0,0.39,28,1,1,1,3.24,NA,NA,4,2,2,9,14,9,14,4.66666666666667,5.54936599742552,5.33333333333333,6.66666666666667,5.66666666666667,6,4.33333333333333,5,3,6.33333333333333,6.33333333333333,6.33333333333333,1.66666666666667,6,3,"2019-06-11",308,NA,1,1,0
"CPS2-ASU-T47-PB","ASU","ASU-T47",7,2,5,5,2,3,3,2,1,0,0,0,0,0,0,0,1,0,0.39,18,1,1,1,NA,1180,NA,2,1,6,9,5,7,11,5,4.79936599742552,3.33333333333333,4,2.33333333333333,4.33333333333333,2.66666666666667,5,4,5,5.66666666666667,5.66666666666667,1.66666666666667,5.33333333333333,4.33333333333333,"2018-09-28",5773,"X",0,0,0
"CPS2-ASU-T47-PC","ASU","ASU-T47",5.86,2.54,3.31,7,3,4,4.04,2,1,0,0,0,0,0,0,0,1,0,0.39,NA,NA,NA,NA,NA,NA,NA,NA,NA,NA,NA,NA,NA,NA,NA,NA,NA,NA,NA,NA,NA,NA,NA,NA,NA,NA,NA,NA,NA,NA,NA,NA,1,NA,1
"CPS2-ASU-T50-PB","ASU","ASU-T50",5,3,2,4,1,3,5,0,0,1,0,0,0,0,1,0,0,0,0.08,22,0,3,0,3.78,NA,NA,3,0,4,11,9,11,10,5,3.38734149935638,4.33333333333333,5.66666666666667,3.66666666666667,6.33333333333333,5,6,5,5.66666666666667,5.66666666666667,3.66666666666667,2,5.66666666666667,4.66666666666667,"2018-10-08",5971,"Y",0,0,0
"CPS2-ASU-T50-PC","ASU","ASU-T50",7,3,4,7,4,3,5,0,0,1,0,1,0,0,0,0,0,0,0.44,18,1,1,1,NA,NA,26,3,1,6,10,14,9,13,2,4.77468299871276,4.33333333333333,4,3.33333333333333,7,4,2.33333333333333,3,5,7,7,3.33333333333333,4,3,"2018-10-10",3104,"Y",0,0,0
"CPS2-ASU-T50-PD","ASU","ASU-T50",5,3,2,2,0,2,4,1,0,1,0,0,0,0,0,0,1,0,0.39,21,1,4,1,3.2,NA,NA,4,1,5,9,11,6,8,5.33333333333333,5.23607349420743,4.66666666666667,6,4.66666666666667,5.33333333333333,5,5.33333333333333,3.66666666666667,7,7,6.33333333333333,1.33333333333333,5.66666666666667,3.66666666666667,"2018-10-09",6866,"Y",0,0,0
"CPS2-ASU-T51-PA","ASU","ASU-T51",6,3,3,5,1,4,4,0,1,0,0,1,0,0,0,0,0,0,0.44,36,1,4,1,3.1,NA,NA,4,0,6,8,8,8,9,2,5,2,6,4.33333333333333,5.33333333333333,5,5,3.66666666666667,4.33333333333333,4.66666666666667,4,3,4,4.33333333333333,"2018-10-15",3389,"Y",0,0,0
"CPS2-ASU-T51-PC","ASU","ASU-T51",7,4,3,7,5,2,4,1,0,1,0,0,0,0,0,0,1,0,0.39,18,1,1,1,3.5,NA,NA,2,0,6,9,12,11,13,3.33333333333333,4.59873199485105,3.66666666666667,3.66666666666667,4.66666666666667,5.33333333333333,4.66666666666667,4.33333333333333,3,4.66666666666667,4.66666666666667,5,3.66666666666667,5,3,"2018-10-14",8669,"Y",0,0,0
"CPS2-ASU-T51-PD","ASU","ASU-T51",4,2,2,4,1,3,4,2,0,1,0,0,0,0,0,0,1,0,0.39,19,0,1,1,NA,NA,17,3,1,7,9,11,9,10,4,4.11265850064362,4.33333333333333,5.33333333333333,3.66666666666667,5.66666666666667,3,3.66666666666667,3.33333333333333,6,5.33333333333333,5.33333333333333,3.33333333333333,4.66666666666667,3,"2018-10-13",5567,"Y",0,0,0
"CPS2-ASU-T52-PB","ASU","ASU-T52",4,2,2,4,1,3,4,0,1,0,0,0,0,1,0,0,0,0,0.02,18,1,1,1,NA,NA,NA,3,1,6,9,9,6,8,5,4.54936599742552,5,6,5,5,4.33333333333333,6,6,4,5.33333333333333,4.33333333333333,4.66666666666667,5,4,"2018-10-14",3505,"Y",0,0,0
"CPS2-ASU-T52-PC","ASU","ASU-T52",6,2,4,3,0,3,5,0,0,1,0,1,0,0,0,0,0,0,0.44,21,1,4,1,3.6,NA,NA,4,1,13,10,12,11,13,3.66666666666667,6.02468299871276,3.33333333333333,5.33333333333333,4.66666666666667,6,5.33333333333333,6,3.66666666666667,6,5.66666666666667,6.33333333333333,4,6,3.66666666666667,"2018-10-15",9739,"Y",0,0,0
"CPS2-ASU-T52-PD","ASU","ASU-T52",6,3,3,5,2,3,5,2,1,0,0,0,0,0,0,0,1,0,0.39,26,1,3,1,3.14,NA,NA,3,0,4,10,11,10,8,4.33333333333333,4.6867074967819,5.66666666666667,6.33333333333333,4,5,2.66666666666667,4,3.33333333333333,6,5,4.66666666666667,1.66666666666667,5,3.33333333333333,"2018-10-13",2893,"Y",0,0,0
"CPS2-ASU-T54-PA","ASU","ASU-T54",5,2,3,NA,NA,NA,4,NA,0,1,0,0,0,0,0,0,1,0,0.39,18,0,1,1,NA,NA,NA,3,0,12,12,14,11,11,4.66666666666667,6.16202449806914,5,5,5,5.33333333333333,3,3.66666666666667,3.66666666666667,5.33333333333333,6,5.66666666666667,2,4,4,"2018-10-18",4920,"Y",0,0,0
"CPS2-ASU-T54-PB","ASU","ASU-T54",9,4,5,NA,NA,NA,5,NA,1,0,0,0,0,0,0,0,1,0,0.39,18,1,1,1,NA,1440,NA,2,1,3,7,11,12,13,3.66666666666667,5.1867074967819,6,6.66666666666667,6.66666666666667,4.66666666666667,1.33333333333333,5.66666666666667,5.33333333333333,5,6.66666666666667,3,1,6,5.33333333333333,"2018-10-16",4279,"Y",0,0,0
"CPS2-ASU-T54-PC","ASU","ASU-T54",5,2,3,NA,NA,NA,2,NA,0,1,0,1,0,0,0,0,0,0,0.44,29,0,1,1,3.2,NA,NA,4,1,14,13,12,13,14,7,5.09873199485105,3,5.33333333333333,3.66666666666667,5.66666666666667,4,3.66666666666667,4,6.66666666666667,6.66666666666667,5.66666666666667,1,5.66666666666667,3.33333333333333,"2018-10-16",93267,"Y",0,0,0
"CPS2-ASU-T56-PA","ASU","ASU-T56",3,1,2,8,3,5,4,1,0,1,0,1,0,0,0,0,0,0,0.44,18,1,1,1,3,NA,26,4,0,7,10,9,8,10,4,4.75,5,5.33333333333333,4.33333333333333,4.66666666666667,5.33333333333333,4.66666666666667,3,6,5.66666666666667,5.66666666666667,2.66666666666667,6,4,"2018-10-20",1603,"Y",0,0,0
"CPS2-ASU-T56-PB","ASU","ASU-T56",6,4,2,5,3,2,4,2,1,0,0,1,0,0,0,0,0,0,0.44,20,1,3,1,3.2,NA,NA,4,0,2,12,9,7,12,1.66666666666667,4.09873199485105,4.33333333333333,4,4.33333333333333,5,6.33333333333333,3.66666666666667,3.66666666666667,5,6,6,2,6,3.66666666666667,"2018-10-22",3699,"Y",0,0,0
"CPS2-ASU-T56-PC","ASU","ASU-T56",5.86,2.54,3.31,5,1,4,4.04,4,1,0,0,0,0,0,1,0,0,0,0.08,NA,NA,NA,NA,NA,NA,NA,NA,NA,NA,NA,NA,NA,NA,NA,NA,NA,NA,NA,NA,NA,NA,NA,NA,NA,NA,NA,NA,NA,NA,NA,NA,1,NA,1
"CPS2-ASU-T59-PB","ASU","ASU-T59",6,4,2,5,1,4,2,1,0,1,0,0,0,0,0,0,1,0,0.39,23,0,4,1,3.9,NA,NA,3,0,10,11,12,9,10,4,6.16202449806914,5.33333333333333,5,1.33333333333333,5.66666666666667,5,4.66666666666667,4.33333333333333,2.66666666666667,2.33333333333333,4.33333333333333,4,3.66666666666667,4,"2018-10-30",2848,"X",0,0,0
"CPS2-ASU-T59-PC","ASU","ASU-T59",6,2,4,5,1,4,3,2,1,0,0,1,0,0,0,0,0,0,0.44,19,1,1,1,NA,NA,24,4,0,13,11,12,11,11,4,5.77468299871276,3,5,4.66666666666667,4.66666666666667,2.33333333333333,3.66666666666667,2.66666666666667,4.66666666666667,5.33333333333333,5.33333333333333,2.66666666666667,3.66666666666667,3.33333333333333,"2018-10-31",28811,"X",0,0,0
"CPS2-ASU-T59-PD","ASU","ASU-T59",1,0,1,7,3,4,3,1,0,1,0,0,0,0,0,0,1,0,0.39,23,0,4,1,2.5,NA,NA,3,0,9,10,12,8,12,4,5.52468299871276,4.66666666666667,4,3.66666666666667,4.33333333333333,4.33333333333333,4,4,4,3.33333333333333,4,4.33333333333333,4,4,"2018-10-31",20659,"X",0,0,0
"CPS2-ASU-T60-PA","ASU","ASU-T60",3,2,1,3,2,1,2,3,0,1,0,0,0,0,0,0,1,0,0.39,19,1,2,0,2.76,NA,NA,3,0,8,12,13,12,11,3.33333333333333,5.77468299871276,5,2,2.33333333333333,3.66666666666667,5.33333333333333,3.33333333333333,5,5,6,5.33333333333333,4.33333333333333,5.33333333333333,5,"2018-10-31",7965,"X",0,0,0
"CPS2-ASU-T60-PC","ASU","ASU-T60",5.86,2.54,3.31,7,3,4,4.04,1,0,1,0,1,0,0,0,0,0,0,0.44,NA,NA,NA,NA,NA,NA,NA,NA,NA,NA,NA,NA,NA,NA,NA,NA,NA,NA,NA,NA,NA,NA,NA,NA,NA,NA,NA,NA,NA,NA,NA,NA,1,NA,1
"CPS2-ASU-T60-PD","ASU","ASU-T60",6,3,3,6,3,3,4,2,0,1,0,0,0,0,0,0,1,0,0.39,18,0,1,0,3.5,NA,NA,3,0,7,12,12,12,12,6,4.73607349420743,5,4.66666666666667,5,3.33333333333333,3.33333333333333,5,2.66666666666667,5.33333333333333,3,3.33333333333333,3.66666666666667,4.33333333333333,2,"2018-10-31",57151,"X",0,0,0
"CPS2-ASU-T61-PA","ASU","ASU-T61",3,1,2,4,1,3,2,0,1,0,0,0,0,0,0,0,0,1,0.04,23,0,4,0,3.6,NA,NA,3,1,8,8,8,8,8,5.33333333333333,1.5,1,4.66666666666667,3,3,3,1,1,4.66666666666667,3.33333333333333,3,3,1.33333333333333,1.33333333333333,"2018-11-05",1636,"X",0,0,0
"CPS2-ASU-T61-PB","ASU","ASU-T61",5,3,2,5,2,3,3,4,1,0,0,0,0,0,0,0,0,1,0.04,20,0,1,0,3.8,NA,NA,4,1,6,8,11,7,11,5.33333333333333,4.58797550193086,2.66666666666667,3.66666666666667,4.33333333333333,3.66666666666667,4.33333333333333,5,6,3.33333333333333,4,4.33333333333333,4.33333333333333,4.33333333333333,4,"2018-11-05",5066,"X",0,0,0
"CPS2-ASU-T61-PC","ASU","ASU-T61",6,2,4,4,2,2,2,3,1,0,0,0,0,0,0,0,0,1,0.04,22,0,1,0,3.88,NA,NA,3,1,8,8,8,8,8,4,4.78860950450534,4,4,4,4,4,4,4,5,3,3,3.33333333333333,1,2.66666666666667,"2018-11-05",4356,"X",0,0,0
"CPS2-ASU-T62-PA","ASU","ASU-T62",8,4,4,7,3,4,4,1,0,1,0,0,0,0,0,0,0,1,0.04,22,0,3,1,3.33,NA,NA,3,2,6,9,8,9,9,3.66666666666667,4.1867074967819,5.66666666666667,4.66666666666667,5.33333333333333,6.66666666666667,3.33333333333333,4.66666666666667,4.66666666666667,7,6,6.33333333333333,1.66666666666667,6.33333333333333,3.66666666666667,"2018-11-04",4270,"X",0,0,0
"CPS2-ASU-T62-PB","ASU","ASU-T62",10,5,5,9,4,5,5,2,1,0,0,1,0,0,0,0,0,0,0.44,21,1,4,1,4,NA,36,1,3,6,9,5,11,9,4.66666666666667,5.63734149935638,5.33333333333333,5,5.33333333333333,3,3,5,5.66666666666667,6.33333333333333,5,4.66666666666667,2.66666666666667,6,4.66666666666667,"2018-11-03",2436,"X",0,0,0
"CPS2-ASU-T62-PD","ASU","ASU-T62",7,3,4,6,3,3,4,1,1,0,0,0,0,0,1,0,0,0,0.08,21,0,3,1,3.5,NA,NA,4,3,2,7,11,11,7,4.66666666666667,4.89809799227657,6,7,2.66666666666667,5,2.33333333333333,6.33333333333333,4,7,6,5.66666666666667,1.33333333333333,6,3,"2018-11-04",3359,"X",0,0,0
"CPS2-ASU-T64-PA","ASU","ASU-T64",5.86,2.54,3.31,NA,NA,NA,4.04,1,1,0,0,0,0,0,1,0,0,0,0.08,23,1,4,1,3.6,NA,NA,4,3,7,10,9,11,13,4.66666666666667,4.02468299871276,3.33333333333333,5,5,5.33333333333333,4,4,3.66666666666667,5,4.33333333333333,5.66666666666667,3.66666666666667,4.66666666666667,3.66666666666667,"2019-07-02",444,NA,1,1,0
"CPS2-ASU-T64-PB","ASU","ASU-T64",4,3,1,NA,NA,NA,1,2,0,1,0,0,0,0,0,0,1,0,0.39,18,0,1,1,3,NA,NA,3,0,8,9,10,10,12,4.66666666666667,5.79936599742552,2.66666666666667,5.66666666666667,3,6,5.33333333333333,4.66666666666667,3.33333333333333,4,4.33333333333333,5.33333333333333,5.66666666666667,4.33333333333333,3.33333333333333,"2018-11-07",30910,"X",0,0,0
"CPS2-ASU-T64-PC","ASU","ASU-T64",9,4,5,NA,NA,NA,5,1,0,1,0,1,0,0,0,0,0,0,0.44,20,1,3,1,4,NA,NA,2,2,12,10,12,10,13,2.66666666666667,5.88734149935638,4.66666666666667,4.33333333333333,5,4,3.66666666666667,5,4,4.33333333333333,4.66666666666667,5,3,4,3.66666666666667,"2018-11-06",2931,"X",0,0,0
"CPS2-ASU-T67-PA","ASU","ASU-T67",6,2,4,7,3,4,5,0,0,1,0,1,0,0,0,0,0,0,0.44,19,1,1,1,NA,1000,NA,2,0,13,12,12,12,12,4.66666666666667,6.11265850064362,4,5.66666666666667,3.66666666666667,5.66666666666667,6,5.66666666666667,3,5.66666666666667,5.33333333333333,5.33333333333333,5.33333333333333,5,3.66666666666667,"2018-11-13",3043,"Y",0,0,0
"CPS2-ASU-T67-PB","ASU","ASU-T67",5,2,3,6,3,3,4,0,1,0,0,0,0,0,0,0,1,0,0.39,20,1,2,1,3,NA,NA,3,1,9,10,10,13,10,5.66666666666667,5.77468299871276,5.66666666666667,4.33333333333333,5,3.66666666666667,3.33333333333333,4,1.66666666666667,4,5.66666666666667,3,1.66666666666667,4,4,"2018-11-14",2743,"Y",0,0,0
"CPS2-ASU-T67-PC","ASU","ASU-T67",7,2,5,9,4,5,2,2,0,1,0,0,1,0,0,0,0,0,0.03,19,1,1,1,3.5,NA,25,3,0,11,8,11,8,9,5.66666666666667,5.63734149935638,4.66666666666667,4,1.66666666666667,5.33333333333333,4.33333333333333,3.66666666666667,4,6,4.33333333333333,5.33333333333333,2,5.33333333333333,3.66666666666667,"2018-11-15",3400,"Y",0,0,0
"CPS2-ASU-T68-PA","ASU","ASU-T68",6,3,3,6,2,4,3,1,1,0,0,0,0,0,0,0,1,0,0.39,20,0,3,0,2.5,NA,NA,3,0,10,10,10,11,10,4.66666666666667,5.02468299871276,4.66666666666667,5,4.33333333333333,5,4.33333333333333,5,4.33333333333333,5.66666666666667,4.66666666666667,5.33333333333333,3.33333333333333,5,3,"2018-11-14",2077,"Y",0,0,0
"CPS2-ASU-T68-PB","ASU","ASU-T68",4,1,3,6,3,3,5,1,0,1,0,0,0,0,0,0,1,0,0.39,20,1,3,1,3.68,NA,NA,1,1,5,6,10,3,9,3.33333333333333,5.8132925032181,4.33333333333333,6,4.66666666666667,5,2.33333333333333,4.33333333333333,4.33333333333333,6.66666666666667,5,6,1.66666666666667,5.33333333333333,3.66666666666667,"2018-11-12",53720,"Y",0,0,0
"CPS2-ASU-T68-PC","ASU","ASU-T68",5,3,2,5,1,4,4,1,0,1,0,0,1,0,0,0,0,0,0.03,20,0,3,1,2.98,NA,NA,3,2,2,10,11,10,8,5,4.71139049549466,1,4.33333333333333,1.66666666666667,7,6.66666666666667,3.66666666666667,4,5,4,2,2,1,1,"2018-11-12",77433,"Y",0,0,0
"CPS2-ASU-T69-PA","ASU","ASU-T69",4,1,3,3,1,2,5,1,0,0,1,1,0,0,0,0,0,0,0.44,19,1,1,1,3.5,1110,NA,3,1,4,11,12,4,13,4.66666666666667,4.54936599742552,4,7,3.66666666666667,7,4.66666666666667,7,2.33333333333333,7,6.66666666666667,7,1.33333333333333,7,3,"2018-11-17",3053,"Y",0,0,0
"CPS2-ASU-T69-PB","ASU","ASU-T69",6,1,5,9,4,5,5,2,1,0,0,1,0,0,0,0,0,0,0.44,19,0,2,1,3.83,NA,NA,4,0,6,13,14,12,11,4.33333333333333,5.72531700128724,5.33333333333333,7,6.66666666666667,6.66666666666667,1.66666666666667,6.33333333333333,6,7,7,7,1.33333333333333,7,6.66666666666667,"2018-11-15",2812,"Y",0,0,0
"CPS2-ASU-T69-PC","ASU","ASU-T69",6,2,4,5,2,3,4,1,0,1,0,0,0,0,1,0,0,0,0.08,19,1,2,1,3.9,1320,29,2,0,12,9,13,7,12,3,5.47531700128724,4,4.66666666666667,1.33333333333333,4.66666666666667,4.66666666666667,3,2.66666666666667,4,4,3.66666666666667,3.33333333333333,4.33333333333333,3,"2018-11-15",2752,"Y",0,0,0
"CPS2-ASU-T70-PA","ASU","ASU-T70",7,4,3,3,2,1,2,1,0,1,0,0,0,0,0,0,1,0,0.39,18,1,1,1,NA,NA,NA,2,0,6,10,12,10,10,5.33333333333333,3.87341499356381,3,3.66666666666667,2.66666666666667,5,4.33333333333333,4,3,4,4,4,4,4,4,"2018-11-18",2287,"Y",0,0,0
"CPS2-ASU-T70-PB","ASU","ASU-T70",4,2,2,3,1,2,1,1,0,1,0,1,0,0,0,0,0,0,0.44,18,1,1,0,3.5,NA,NA,2,0,13,11,14,11,14,4.66666666666667,6.72531700128724,4.33333333333333,3.66666666666667,3.66666666666667,4.66666666666667,4.33333333333333,5,5.33333333333333,3,3.66666666666667,4.33333333333333,3.66666666666667,4.33333333333333,4.66666666666667,"2018-11-18",1444,"Y",0,0,0
"CPS2-ASU-T70-PC","ASU","ASU-T70",9,5,4,5,2,3,5,2,1,0,0,1,0,0,0,0,0,0,0.44,25,1,4,0,2,NA,22,4,0,11,8,11,12,12,5.66666666666667,5.63734149935638,5,5,4.66666666666667,5,3,5,4.66666666666667,3,4.66666666666667,4.33333333333333,2.66666666666667,4,4.33333333333333,"2018-11-19",3507,"Y",0,0,0
"CPS2-ASU-T71-PB","ASU","ASU-T71",7,2,5,7,3,4,4,0,0,1,0,1,0,0,0,0,0,0,0.44,21,1,4,1,2.63,NA,NA,3,0,11,13,10,12,11,4.33333333333333,4.4367074967819,4,4,2.33333333333333,4.66666666666667,4.66666666666667,5,4.33333333333333,5.66666666666667,5.33333333333333,5,3,5,4.66666666666667,"2018-11-19",3381,"Y",0,0,0
"CPS2-ASU-T71-PC","ASU","ASU-T71",5.86,2.54,3.31,6,2,4,4.04,2,0,1,0,1,0,0,0,0,0,0,0.44,18,1,1,1,3.73,1040,NA,2,1,8,9,12,6,8,2.66666666666667,4.63734149935638,2,4.66666666666667,5.66666666666667,5.33333333333333,5,4.33333333333333,3.66666666666667,3.33333333333333,2.66666666666667,5,6,3.33333333333333,3.33333333333333,"2019-05-31",380,NA,1,1,0
"CPS2-ASU-T71-PD","ASU","ASU-T71",6,4,2,7,3,4,2,1,0,1,0,0,0,0,0,0,1,0,0.39,18,1,1,1,NA,NA,NA,3,0,13,9,11,10,11,3.66666666666667,6.86265850064362,2,4,2.66666666666667,6.66666666666667,4.33333333333333,5,3.66666666666667,3,3.33333333333333,5.33333333333333,4.66666666666667,4,3.66666666666667,"2018-11-19",4335,"Y",0,0,0
"CPS2-ASU-T72-PA","ASU","ASU-T72",7,2,5,NA,NA,NA,5,1,0,1,0,1,0,0,0,0,0,0,0.44,20,1,3,1,3.86,NA,25,1,1,5,14,11,12,13,4,5.27468299871276,6,6,5.33333333333333,6,2,6,3.66666666666667,4,6,6,2,5.33333333333333,3.33333333333333,"2018-11-26",5015,"Y",0,0,0
"CPS2-ASU-T72-PB","ASU","ASU-T72",5,3,2,NA,NA,NA,3,1,1,0,0,1,0,0,0,0,0,0,0.44,19,1,2,1,4.33,1350,NA,2,0,5,9,6,8,9,2.66666666666667,4.54936599742552,3.66666666666667,5,4.33333333333333,4.33333333333333,3.33333333333333,5,4,5.33333333333333,5.33333333333333,4.33333333333333,2,5.66666666666667,4.33333333333333,"2018-11-23",14349,"Y",0,0,0
"CPS2-ASU-T72-PC","ASU","ASU-T72",6,2,4,NA,NA,NA,5,1,1,0,0,1,0,0,0,0,0,0,0.44,25,1,4,0,3.41,NA,NA,3,0,11,9,12,12,11,4,5.38734149935638,4,4.66666666666667,2.66666666666667,2.66666666666667,2.33333333333333,3,4,5.33333333333333,4.33333333333333,2.66666666666667,3,5,4,"2018-11-26",2950,"Y",0,0,0
"CPS2-ASU-T73-PA","ASU","ASU-T73",6,3,3,NA,NA,NA,5,2,0,1,0,1,0,0,0,0,0,0,0.44,18,1,1,1,0,1340,NA,3,1,3,11,10,9,10,1,3.71139049549466,4.66666666666667,5.33333333333333,3.33333333333333,5.33333333333333,5,4.66666666666667,3.33333333333333,5.66666666666667,6.66666666666667,5,3,5.66666666666667,3,"2018-11-25",3462,"Y",0,0,0
"CPS2-ASU-T73-PB","ASU","ASU-T73",6,3,3,NA,NA,NA,4,1,0,1,0,0,0,0,0,0,1,0,0.39,22,0,4,1,NA,NA,NA,3,0,11,8,11,10,11,3.66666666666667,6.38734149935638,4,2,2,5.33333333333333,2.33333333333333,3.33333333333333,3.66666666666667,1,1,7,7,1,1,"2018-11-26",6080,"Y",0,0,0
"CPS2-ASU-T73-PC","ASU","ASU-T73",4,2,2,NA,NA,NA,5,0,0,1,0,1,0,0,0,0,0,0,0.44,24,1,4,0,3.1,1500,NA,1,0,8,14,14,14,10,3.66666666666667,7,1,3.33333333333333,1,7,6.33333333333333,1,3,7,6.33333333333333,4,1,7,3,"2018-11-26",3647,"Y",0,0,0
"CPS2-ASU-T74-PB","ASU","ASU-T74",7,2,5,9,4,5,5,1,0,1,0,0,0,0,0,0,1,0,0.39,18,1,1,1,NA,NA,27,4,0,12,12,13,14,12,3.66666666666667,6.86265850064362,2,4.33333333333333,3,5.66666666666667,5,3,2.33333333333333,5.66666666666667,5.66666666666667,5.66666666666667,3,3.33333333333333,2.66666666666667,"2018-11-27",70224,"X",0,0,0
"CPS2-ASU-T74-PC","ASU","ASU-T74",5.86,2.54,3.31,3,1,2,4.04,0,0,1,0,0,0,0,1,0,0,0,0.08,NA,NA,NA,NA,NA,NA,NA,NA,NA,NA,NA,NA,NA,NA,NA,NA,NA,NA,NA,NA,NA,NA,NA,NA,NA,NA,NA,NA,NA,NA,NA,NA,1,NA,1
"CPS2-ASU-T74-PD","ASU","ASU-T74",7,3,4,3,1,2,4,1,1,0,0,0,0,0,0,0,1,0,0.39,19,1,1,1,3,NA,NA,2,1,13,9,10,6,10,4.33333333333333,4.98607349420743,4.33333333333333,4.33333333333333,5.33333333333333,5.33333333333333,3,3,4.33333333333333,5.33333333333333,6.66666666666667,5,2,3,4,"2018-11-27",2345,"X",0,0,0
"CPS2-ASU-T75-PA","ASU","ASU-T75",6,3,3,8,4,4,1,3,0,1,0,0,0,0,0,0,1,0,0.39,18,1,1,1,NA,NA,20,3,0,13,10,13,8,11,3.66666666666667,5.77468299871276,4,3,1,3.33333333333333,4.66666666666667,5,5.33333333333333,5.33333333333333,4.33333333333333,6.33333333333333,4.33333333333333,6,3.33333333333333,"2018-11-27",36780,"X",0,0,0
"CPS2-ASU-T75-PB","ASU","ASU-T75",8,3,5,7,3,4,5,1,1,0,0,0,0,0,0,0,1,0,0.39,18,1,1,0,NA,NA,15,3,0,9,10,11,10,14,4.33333333333333,5.77468299871276,5.66666666666667,7,5,6.33333333333333,3,6.66666666666667,7,6,7,4.33333333333333,2.33333333333333,6.66666666666667,3,"2018-11-26",5484,"X",0,0,0
"CPS2-ASU-T75-PC","ASU","ASU-T75",2,1,1,5,3,2,3,0,1,0,0,0,0,0,0,0,1,0,0.39,18,1,1,1,NA,NA,NA,3,1,5,9,9,7,8,1.66666666666667,3.71139049549466,4.66666666666667,6,4.66666666666667,4.33333333333333,1.66666666666667,4.66666666666667,5,5,5.33333333333333,4,2.66666666666667,5.33333333333333,4.33333333333333,"2018-11-28",2500,"X",0,0,0
"CPS2-ASU-T76-PA","ASU","ASU-T76",7,3,4,8,3,5,4,3,0,1,0,0,0,0,0,0,1,0,0.39,20,0,3,1,3.3,NA,22,2,1,9,8,7,6,10,3.66666666666667,4.86265850064362,4.66666666666667,4.33333333333333,3,5,4.66666666666667,4.33333333333333,4.66666666666667,5.66666666666667,5.33333333333333,4.66666666666667,2.66666666666667,6,6,"2019-01-29",1420,"X",0,0,0
"CPS2-ASU-T76-PB","ASU","ASU-T76",4,1,3,4,2,2,4,1,0,1,0,0,0,0,0,0,1,0,0.39,18,0,1,1,NA,NA,NA,3,0,4,11,13,12,11,4,4.87341499356381,5.33333333333333,5.33333333333333,2.66666666666667,5,2.66666666666667,4.33333333333333,5,5.66666666666667,5.66666666666667,3.33333333333333,3.33333333333333,3.66666666666667,2.33333333333333,"2019-01-28",4546,"X",0,0,0
"CPS2-ASU-T76-PC","ASU","ASU-T76",7,3,4,7,3,4,5,2,1,0,0,1,0,0,0,0,0,0,0.44,19,1,2,0,3.73,NA,22,4,0,13,10,14,9,9,4.33333333333333,6.27468299871276,5,4.33333333333333,4,5,4,4.33333333333333,5.66666666666667,7,6.66666666666667,5,1,7,4.66666666666667,"2019-01-29",14463,"X",0,0,0
"CPS2-ASU-T77-PA","ASU","ASU-T77",5,2,3,6,3,3,5,2,0,1,0,1,0,0,0,0,0,0,0.44,26,1,4,1,2.8,NA,NA,4,1,12,14,9,6,12,3.33333333333333,6.29936599742552,4.66666666666667,4.33333333333333,1.66666666666667,5.66666666666667,5.33333333333333,4.33333333333333,2.66666666666667,3.33333333333333,6.66666666666667,3.33333333333333,4.33333333333333,3.33333333333333,3.66666666666667,"2019-02-04",6252,"X",0,0,0
"CPS2-ASU-T77-PB","ASU","ASU-T77",6,2,4,9,4,5,5,2,0,1,0,1,0,0,0,0,0,0,0.44,19,1,3,1,3.952,NA,NA,3,0,8,8,9,8,9,3.66666666666667,3.79936599742552,4.33333333333333,5,3,5.33333333333333,6.33333333333333,4.66666666666667,4,5,5,5,4.33333333333333,5,4.33333333333333,"2019-02-03",5281,"X",0,0,0
"CPS2-ASU-T77-PC","ASU","ASU-T77",9,4,5,8,3,5,5,1,0,1,0,0,0,0,1,0,0,0,0.08,21,1,2,0,2.46,1670,NA,1,1,6,6,10,12,12,2.33333333333333,5.54936599742552,5.33333333333333,5,3.66666666666667,4.66666666666667,4.33333333333333,4,4.33333333333333,6,5.33333333333333,2.66666666666667,2,5.66666666666667,3.33333333333333,"2019-02-04",4236,"X",0,0,0
"CPS2-ASU-T78-PA","ASU","ASU-T78",5,2,3,7,3,4,5,1,1,0,0,0,1,0,0,0,0,0,0.03,27,1,4,1,3.42,NA,NA,3,0,8,13,12,13,9,3.33333333333333,5.08797550193086,4,6.33333333333333,2.33333333333333,6.66666666666667,5.33333333333333,4.66666666666667,2.33333333333333,6.33333333333333,6.66666666666667,6.33333333333333,6.33333333333333,6.33333333333333,3,"2019-02-06",6353,"X",0,0,0
"CPS2-ASU-T78-PC","ASU","ASU-T78",8,4,4,7,3,4,5,2,1,0,0,1,0,0,0,0,0,0,0.44,22,1,3,1,2.7,NA,NA,4,2,6,10,12,8,9,5,5.04936599742552,5,5.66666666666667,5.33333333333333,4.66666666666667,4.33333333333333,5.33333333333333,3.33333333333333,4.33333333333333,5,4.33333333333333,3.66666666666667,4.33333333333333,3.33333333333333,"2019-02-04",4139,"X",0,0,0
"CPS2-ASU-T78-PD","ASU","ASU-T78",7,3,4,9,4,5,4,3,0,1,0,0,0,0,0,0,1,0,0.39,20,1,2,0,3.84,NA,28,4,0,11,10,13,13,13,3.66666666666667,6.02468299871276,6,5.33333333333333,4,5.66666666666667,2,4,3,5.66666666666667,5,5.66666666666667,2,5,2.66666666666667,"2019-02-04",4938,"X",0,0,0
"CPS2-ASU-T80-PA","ASU","ASU-T80",5.86,2.54,3.31,6,2,4,4.04,1,0,1,0,1,0,0,0,0,0,0,0.44,20,1,3,1,3.75,NA,23,3,1,10,10,14,8,14,7,6.66202449806914,3.33333333333333,7,4.33333333333333,7,6.66666666666667,7,4.66666666666667,7,3.66666666666667,4.66666666666667,6.66666666666667,6.33333333333333,3,"2019-06-02",319,NA,1,1,0
"CPS2-ASU-T80-PC","ASU","ASU-T80",5.86,2.54,3.31,8,4,4,4.04,0,1,0,0,1,0,0,0,0,0,0,0.44,20,1,3,1,3.83,NA,32,3,1,10,9,13,13,13,5,6.27468299871276,4,4,4.33333333333333,4,1.66666666666667,2.66666666666667,5.66666666666667,3,5.33333333333333,2.33333333333333,1.33333333333333,2.66666666666667,4,"2019-06-21",239,NA,1,1,0
"CPS2-ASU-T80-PD","ASU","ASU-T80",5.86,2.54,3.31,5,2,3,4.04,2,0,1,0,0,0,0,0,0,1,0,0.39,18,1,2,1,3.96,NA,24,3,1,8,10,13,9,11,5,5.83797550193086,6,5.33333333333333,3.66666666666667,5.66666666666667,2.33333333333333,5,3,6,5,5.33333333333333,1.66666666666667,5.66666666666667,3,"2019-09-28",515,NA,1,1,0
"CPS2-ASU-T83-PA","ASU","ASU-T83",6,1,5,8,3,5,5,2,0,1,0,1,0,0,0,0,0,0,0.44,23,1,4,1,3.86,NA,23,4,2,6,8,11,10,12,2,4.75,6,3.66666666666667,5,4,2.33333333333333,3.66666666666667,4.66666666666667,4.66666666666667,4.66666666666667,3.33333333333333,2,4,4,"2019-02-26",3979,"Y",0,0,0
"CPS2-ASU-T83-PB","ASU","ASU-T83",7,2,5,8,3,5,4,0,0,1,0,1,0,0,0,0,0,0,0.44,21,1,4,1,3.2,NA,NA,1,2,8,11,10,7,12,3.33333333333333,5.52468299871276,4.66666666666667,5,4,4.33333333333333,4.66666666666667,4.66666666666667,4,4,4.66666666666667,3.66666666666667,4.33333333333333,5,4.66666666666667,"2019-02-27",3973,"Y",0,0,0
"CPS2-ASU-T83-PC","ASU","ASU-T83",5.86,2.54,3.31,5,1,4,4.04,1,0,1,0,0,0,0,0,0,1,0,0.39,22,0,4,1,3.5,NA,NA,4,0,6,11,10,7,10,4,5.04936599742552,5,4.66666666666667,3.66666666666667,5,5,4.33333333333333,4,3.33333333333333,3,4.66666666666667,5,4,4.33333333333333,"2019-10-01",343,NA,1,1,0
"CPS2-ASU-T84-PA","ASU","ASU-T84",4,1,3,3,1,2,3,3,0,1,0,1,0,0,0,0,0,0,0.44,23,1,4,1,3.37,NA,NA,3,1,8,8,13,6,13,5.33333333333333,5.88734149935638,5.33333333333333,4.66666666666667,4,5.33333333333333,2,4.66666666666667,3.66666666666667,3,3.66666666666667,5.33333333333333,2,4.66666666666667,3.33333333333333,"2019-02-27",3154,"Y",0,0,0
"CPS2-ASU-T84-PB","ASU","ASU-T84",9,4,5,9,4,5,5,1,1,0,0,1,0,0,0,0,0,0,0.44,21,1,4,1,2.91,NA,27,3,3,5,8,10,8,7,3.66666666666667,5.07404899613828,6,6,4,4.33333333333333,5,5,4.33333333333333,6.66666666666667,6.66666666666667,5.66666666666667,1.33333333333333,6.33333333333333,3,"2019-02-25",3742,"Y",0,0,0
"CPS2-ASU-T84-PC","ASU","ASU-T84",6,2,4,5,2,3,4,1,1,0,0,0,0,0,0,0,1,0,0.39,18,1,1,0,3.71,1210,NA,2,1,9,9,10,9,10,5.66666666666667,5.83797550193086,4,4.66666666666667,5,3,2.33333333333333,4,4.33333333333333,4.33333333333333,5.33333333333333,4,2,4.33333333333333,5,"2019-02-27",1556,"Y",0,0,0
"CPS2-ASU-T86-PB","ASU","ASU-T86",5.86,2.54,3.31,4,1,3,4.04,0,1,0,0,1,0,0,0,0,0,0,0.44,NA,NA,NA,NA,NA,NA,NA,NA,NA,NA,NA,NA,NA,NA,NA,NA,NA,NA,NA,NA,NA,NA,NA,NA,NA,NA,NA,NA,NA,NA,NA,NA,1,NA,1
"CPS2-ASU-T86-PC","ASU","ASU-T86",5,2,3,7,3,4,4,0,0,1,0,0,1,0,0,0,0,0,0.03,20,1,3,1,2.54,NA,NA,3,1,5,8,11,8,10,2,5.77468299871276,3.33333333333333,5.33333333333333,2.66666666666667,6,6,5.33333333333333,3,5,3,5.66666666666667,5.66666666666667,3.66666666666667,3.66666666666667,"2019-03-13",7860,"Y",0,0,0
"CPS2-ASU-T86-PD","ASU","ASU-T86",5.86,2.54,3.31,10,5,5,4.04,2,1,0,0,1,0,0,0,0,0,0,0.44,19,1,2,1,3.34,1210,NA,2,1,13,8,11,7,13,4,6,5,6,6.33333333333333,5.33333333333333,2,5.33333333333333,3.66666666666667,6,5,5.33333333333333,2.33333333333333,5.66666666666667,3.33333333333333,"2019-10-04",2247,NA,1,1,0
"CPS2-ASU-T87-PA","ASU","ASU-T87",7,4,3,7,3,4,5,0,1,0,0,0,0,0,0,0,1,0,0.39,23,0,4,0,3.2,NA,NA,1,0,13,12,13,14,14,4.33333333333333,5.91202449806914,3,1,4.33333333333333,1.33333333333333,2,1,3,2.33333333333333,5,2.66666666666667,1.33333333333333,1,3.66666666666667,"2019-03-21",2132,"Y",0,0,0
"CPS2-ASU-T87-PC","ASU","ASU-T87",5,2,3,5,2,3,5,1,1,0,0,1,0,0,0,0,0,0,0.44,24,1,3,0,3.4,NA,NA,4,0,8,12,11,8,8,3.66666666666667,4.66202449806914,4.66666666666667,5.66666666666667,4,5.66666666666667,5,4.33333333333333,2.66666666666667,4.66666666666667,5.33333333333333,5.33333333333333,3.66666666666667,3.66666666666667,3.33333333333333,"2019-03-18",2668,"Y",0,0,0
"CPS2-ASU-T87-PD","ASU","ASU-T87",6,3,3,6,3,3,5,2,0,1,0,1,0,0,0,0,0,0,0.44,22,1,3,0,3.92,NA,NA,1,0,11,9,8,5,10,4.66666666666667,4.57404899613828,4.66666666666667,6.66666666666667,4.66666666666667,5.33333333333333,5,6,3,3.66666666666667,6.66666666666667,4.66666666666667,3,5,3.33333333333333,"2019-03-20",3067,"Y",0,0,0
"CPS2-ASU-T89-PA","ASU","ASU-T89",5,3,2,6,2,4,2,3,1,0,0,1,0,0,0,0,0,0,0.44,19,1,1,1,2.46,NA,NA,4,1,9,10,5,5,11,3.33333333333333,4.52468299871276,5,5.33333333333333,5.33333333333333,4,3.66666666666667,5.33333333333333,4,5.33333333333333,6.33333333333333,4.66666666666667,2.66666666666667,4.33333333333333,4.33333333333333,"2019-03-25",3238,"Y",0,0,0
"CPS2-ASU-T89-PB","ASU","ASU-T89",8,4,4,8,4,4,5,2,1,0,0,0,0,0,0,1,0,0,0.01,18,1,1,0,3.3,NA,NA,2,1,11,9,8,8,11,3.66666666666667,6.77468299871276,5,2.33333333333333,5,5,3,2,4.66666666666667,3.33333333333333,5,4.33333333333333,3.66666666666667,3,4,"2019-03-27",3305,"Y",0,0,0
"CPS2-ASU-T89-PC","ASU","ASU-T89",5,2,3,7,3,4,4,3,0,1,0,0,0,0,0,0,1,0,0.39,18,1,1,1,2.9,NA,23,2,0,8,8,14,10,11,4.66666666666667,5.09873199485105,4,6.33333333333333,2,6,5.66666666666667,4.66666666666667,4,6,5.33333333333333,5.66666666666667,4,4.66666666666667,4.66666666666667,"2019-03-26",3663,"Y",0,0,0
"CPS2-ASU-T90-PA","ASU","ASU-T90",5.86,2.54,3.31,6,2,4,4.04,1,1,0,0,0,0,0,0,0,1,0,0.39,NA,NA,NA,NA,NA,NA,NA,NA,NA,NA,NA,NA,NA,NA,NA,NA,NA,NA,NA,NA,NA,NA,NA,NA,NA,NA,NA,NA,NA,NA,NA,NA,1,NA,1
"CPS2-ASU-T90-PB","ASU","ASU-T90",8,3,5,8,3,5,4,0,0,1,0,1,0,0,0,0,0,0,0.44,18,1,1,1,4.1,NA,28,3,0,4,11,12,10,8,2.33333333333333,5.07404899613828,4,5.66666666666667,3.33333333333333,4.66666666666667,3.66666666666667,4.33333333333333,3.33333333333333,3,3,4.66666666666667,3.66666666666667,4,4.33333333333333,"2019-03-25",5694,"X",0,0,0
"CPS2-ASU-T90-PC","ASU","ASU-T90",7,2,5,7,3,4,3,1,0,1,0,1,0,0,0,0,0,0,0.44,19,1,2,1,3.24,NA,28,4,0,4,9,7,10,8,1.33333333333333,5.27468299871276,6,5,4.66666666666667,3.66666666666667,3.33333333333333,5.33333333333333,4,6.66666666666667,6.66666666666667,6,1.33333333333333,7,3.66666666666667,"2019-03-25",25778,"X",0,0,0
"CPS2-ASU-T91-PA","ASU","ASU-T91",7,3,4,7,5,2,5,3,1,0,0,1,0,0,0,0,0,0,0.44,19,1,1,1,3.48,NA,NA,3,0,9,7,8,8,12,5,6.02468299871276,4,5,5.66666666666667,5.33333333333333,1.33333333333333,5,5,6,7,5.33333333333333,1.66666666666667,6.33333333333333,3.66666666666667,"2019-03-28",4372,"X",0,0,0
"CPS2-ASU-T91-PB","ASU","ASU-T91",5,2,3,6,3,3,4,0,0,1,0,1,0,0,0,0,0,0,0.44,18,1,1,1,3.69,NA,21,3,0,10,9,9,3,7,6,4.82404899613828,4,4.66666666666667,4.66666666666667,6,6,2,5.66666666666667,2,2,6,6,2,4.66666666666667,"2019-03-27",3511,"X",0,0,0
"CPS2-ASU-T91-PC","ASU","ASU-T91",6,3,3,6,2,4,3,1,0,1,0,1,0,0,0,0,0,0,0.44,18,1,1,0,3.52,NA,NA,2,1,7,12,12,9,10,3,4.91202449806914,5,4.66666666666667,3,4,5.33333333333333,4.66666666666667,4,3.66666666666667,6.33333333333333,3.66666666666667,2,3,4.33333333333333,"2019-03-27",3047,"X",0,0,0
"CPS2-ASU-T93-PA","ASU","ASU-T93",3,1,2,6,2,4,3,1,0,1,0,0,0,0,0,0,1,0,0.39,18,1,1,1,3.5,NA,NA,3,0,9,9,10,11,10,5,4.6867074967819,4,3.66666666666667,4.33333333333333,3.66666666666667,2.33333333333333,3.33333333333333,5,3.66666666666667,4.66666666666667,4,2.33333333333333,3.66666666666667,5,"2019-04-02",3788,"X",0,0,0
"CPS2-ASU-T93-PB","ASU","ASU-T93",6,3,3,6,2,4,4,1,1,0,0,1,0,0,0,0,0,0,0.44,19,1,1,1,3.47,1360,35,2,1,6,12,13,13,10,2.66666666666667,5.73607349420743,5.66666666666667,6.33333333333333,2.33333333333333,5.66666666666667,3.66666666666667,5.33333333333333,4.66666666666667,6,6,6,1.66666666666667,6.33333333333333,4.33333333333333,"2019-03-31",4970,"X",0,0,0
"CPS2-ASU-T93-PC","ASU","ASU-T93",5,1,4,5,2,3,4,2,1,0,0,1,0,0,0,0,0,0,0.44,20,1,3,1,2.75,1020,NA,3,0,5,12,10,9,11,4,5.16202449806914,5,6,4.66666666666667,4.33333333333333,2,4,5.66666666666667,5.33333333333333,4.66666666666667,5.33333333333333,4.66666666666667,4,6,"2019-04-01",2124,"X",0,0,0
"CPS2-ASU-T94-PA","ASU","ASU-T94",6,2,4,6,3,3,5,3,1,0,0,0,0,0,0,0,0,1,0.04,22,1,1,1,3.42,NA,NA,3,0,7,9,13,8,14,2.66666666666667,5.52468299871276,4.33333333333333,5.33333333333333,1,6.66666666666667,7,4.66666666666667,3.33333333333333,6.33333333333333,4.33333333333333,7,5.66666666666667,5.33333333333333,2.66666666666667,"2019-04-09",5631,"X",0,0,0
"CPS2-ASU-T94-PC","ASU","ASU-T94",4,2,2,6,4,2,5,1,0,1,0,0,0,0,0,0,1,0,0.39,24,1,3,1,3.19,NA,NA,3,2,8,14,11,10,10,4.66666666666667,6.29936599742552,6.33333333333333,7,5.66666666666667,6.66666666666667,5.66666666666667,5.66666666666667,3.33333333333333,4.66666666666667,6.33333333333333,6.33333333333333,3.33333333333333,5.33333333333333,2.66666666666667,"2019-04-07",4397,"X",0,0,0
"CPS2-ASU-T94-PD","ASU","ASU-T94",7,3,4,8,4,4,5,0,1,0,0,1,0,0,0,0,0,0,0.44,22,1,4,0,3.4,NA,25,3,1,8,6,12,12,11,2,6.13734149935638,5,6.33333333333333,5,6,6,6.33333333333333,4.66666666666667,4,6,3.66666666666667,3.33333333333333,5.66666666666667,5.66666666666667,"2019-04-09",4833,"X",0,0,0
"CPS2-ASU-T96-PA","ASU","ASU-T96",6,2,4,6,3,3,4,1,1,0,0,0,0,0,0,0,1,0,0.39,21,1,3,1,3.5,2050,NA,1,1,12,8,12,8,10,3.33333333333333,5.22531700128724,6.33333333333333,5,1,6.33333333333333,5,3.66666666666667,3,4.66666666666667,6,6,1.66666666666667,5,3.66666666666667,"2019-04-10",2888,"X",0,0,0
"CPS2-ASU-T96-PC","ASU","ASU-T96",4,1,3,6,2,4,4,2,0,1,0,1,0,0,0,0,0,0,0.44,28,1,4,0,3.29,NA,19,3,0,14,9,14,11,10,6,7,5,3,1,6.33333333333333,7,4,4.33333333333333,1.66666666666667,5.33333333333333,4.66666666666667,2.33333333333333,4.33333333333333,4.66666666666667,"2019-04-09",5322,"X",0,0,0
"CPS2-ASU-T96-PD","ASU","ASU-T96",5.86,2.54,3.31,0,0,0,4.04,1,0,1,0,0,0,0,0,0,1,0,0.39,19,1,2,1,3.2,NA,NA,3,0,9,8,9,8,9,4,5.52468299871276,3.66666666666667,5,4.33333333333333,5.33333333333333,4.33333333333333,4.66666666666667,4.66666666666667,2.66666666666667,2.66666666666667,4.33333333333333,4.33333333333333,3.33333333333333,5,"2019-06-21",412,NA,1,1,0
"CPS2-ASU-T97-PA","ASU","ASU-T97",5,3,2,5,2,3,5,1,0,1,0,0,1,0,0,0,0,0,0.03,19,1,2,1,3.46,NA,NA,3,2,8,7,9,8,13,2.66666666666667,5.42595100386172,5.66666666666667,5,3.66666666666667,5,5,4,4,5,4.66666666666667,4,3.33333333333333,4.66666666666667,3,"2019-04-11",4050,"X",0,0,0
"CPS2-ASU-T97-PB","ASU","ASU-T97",8,3,5,8,3,5,5,2,0,1,0,0,0,1,0,0,0,0,0.02,18,1,1,1,1.95,NA,NA,3,0,2,10,11,7,9,2.66666666666667,4.4367074967819,4,4.66666666666667,5.33333333333333,5.66666666666667,4.33333333333333,5,4.33333333333333,5,5.33333333333333,5.33333333333333,5,5,3.66666666666667,"2019-04-10",7190,"X",0,0,0
"CPS2-ASU-T97-PC","ASU","ASU-T97",8,3,5,8,3,5,4,3,0,1,0,0,0,0,1,0,0,0,0.08,22,1,3,0,3.29,1100,NA,3,0,5,14,8,7,12,4,4.66202449806914,5.66666666666667,6.66666666666667,3.33333333333333,5.66666666666667,4.66666666666667,5,4.66666666666667,6,4.33333333333333,4,5,6,3.33333333333333,"2019-04-10",4940,"X",0,0,0
"CPS2-ASU-T98-PA","ASU","ASU-T98",5,3,2,5,3,2,3,2,1,0,0,0,0,0,0,0,1,0,0.39,19,1,1,0,3.55,NA,26,4,1,14,10,9,12,10,4.66666666666667,6.08797550193086,4.33333333333333,6,5.33333333333333,5.33333333333333,2.66666666666667,4,5.33333333333333,4,7,2.66666666666667,2,1,3.66666666666667,"2019-04-10",6996,"Y",0,0,0
"CPS2-ASU-T98-PB","ASU","ASU-T98",9,5,4,7,4,3,5,1,0,1,0,1,0,0,0,0,0,0,0.44,19,1,1,1,3.83,NA,29,3,1,13,10,8,9,13,5.66666666666667,6.02468299871276,5.66666666666667,6,4.66666666666667,6,3,5,3.66666666666667,2,5.66666666666667,3.33333333333333,1,2.33333333333333,4.33333333333333,"2019-04-11",3804,"Y",0,0,0
"CPS2-ASU-T98-PC","ASU","ASU-T98",6,3,3,6,4,2,4,1,1,0,0,1,0,0,0,0,0,0,0.44,19,0,2,1,2.57,NA,NA,3,1,7,9,11,11,10,5.66666666666667,5.45063400257448,3.66666666666667,6.33333333333333,4.66666666666667,6.33333333333333,2.33333333333333,6.33333333333333,5,5.33333333333333,6.66666666666667,5.66666666666667,2.33333333333333,5.66666666666667,5.66666666666667,"2019-04-09",3438,"Y",0,0,0
"CPS2-ASU-T99-PA","ASU","ASU-T99",4,2,2,7,4,3,1,2,0,1,0,1,0,0,0,0,0,0,0.44,20,1,3,1,3,NA,NA,3,1,6,8,12,9,6,1.66666666666667,5.33797550193086,4,3,4.66666666666667,2.33333333333333,4,2,5.33333333333333,4,4.33333333333333,3.66666666666667,1,3.33333333333333,4.66666666666667,"2019-04-15",3907,"Y",0,0,0
"CPS2-ASU-T99-PB","ASU","ASU-T99",5,0,5,5,1,4,5,1,0,1,0,1,0,0,0,0,0,0,0.44,20,1,2,1,3,1160,22,2,0,6,11,10,11,9,4,5.9367074967819,4,3.66666666666667,4.33333333333333,3.66666666666667,1.66666666666667,4,3.66666666666667,4.33333333333333,4.33333333333333,4,3.66666666666667,5,3.66666666666667,"2019-04-15",3814,"Y",0,0,0
"CPS2-ASU-T99-PC","ASU","ASU-T99",4,3,1,3,1,2,3,2,0,1,0,1,0,0,0,0,0,0,0.44,19,1,1,1,3,NA,22,3,0,6,8,13,5,11,2,6.03860950450534,4,5.33333333333333,1.66666666666667,5,2.33333333333333,5.33333333333333,3.33333333333333,6,6.66666666666667,6.66666666666667,6,4.33333333333333,3.33333333333333,"2019-04-15",4410,"Y",0,0,0
"CPS2-CU-T14-PA","CU","CU-T14",9,4,5,8,3,5,4,NA,1,0,0,0,0,0,1,0,0,0,0.33,26,0,5,1,3.66,NA,NA,4,2,7,11,14,12,11,5.66666666666667,5.23607349420743,4,6.66666666666667,5.33333333333333,6.66666666666667,4,6.66666666666667,3.66666666666667,6,6.33333333333333,6.33333333333333,1,6,3.33333333333333,"2018-06-16",4459,"Y",0,0,0
"CPS2-CU-T14-PB","CU","CU-T14",7,4,3,8,3,5,0,NA,0,1,0,1,0,0,0,0,0,0,0.58,29,0,5,1,4,NA,NA,4,3,11,10,14,9,11,5.33333333333333,6.11265850064362,3.66666666666667,4,2,4.66666666666667,4.33333333333333,4.33333333333333,4,2.33333333333333,3.66666666666667,3.33333333333333,5.66666666666667,5.33333333333333,5,"2018-06-17",76543,"Y",0,0,0
"CPS2-CU-T14-PC","CU","CU-T14",4,2,2,4,3,1,4,NA,0,1,0,1,0,0,0,0,0,0,0.58,21,1,4,1,2.8,2010,NA,1,1,5,11,11,7,10,3.33333333333333,4.95063400257448,2.66666666666667,4,1.66666666666667,4,6,3.33333333333333,4,6,6,5.33333333333333,3.33333333333333,5,4,"2018-06-17",5153,"Y",0,0,0
"CPS2-CU-T15-PA","CU","CU-T15",8,3,5,8,4,4,5,NA,1,0,0,0,0,0,0,0,1,0,0.07,25,0,5,1,3.9,NA,NA,3,3,11,9,12,14,12,4.66666666666667,5.41202449806914,6,6.66666666666667,5.66666666666667,6,1,4.66666666666667,3,6.33333333333333,6.33333333333333,5.66666666666667,1,5,2.66666666666667,"2018-07-05",4735,"Y",0,0,0
"CPS2-CU-T15-PB","CU","CU-T15",5,1,4,7,3,4,4,NA,0,1,0,1,0,0,0,0,0,0,0.58,20,1,3,1,3.39,NA,26,4,0,4,9,14,9,9,2,5.66202449806914,4,6,2.66666666666667,4,2,5.66666666666667,3.33333333333333,6,3.66666666666667,3.33333333333333,2,6,3.33333333333333,"2018-07-04",41650,"Y",0,0,0
"CPS2-CU-T15-PC","CU","CU-T15",7,4,3,5,2,3,5,NA,0,1,0,1,0,0,0,0,0,0,0.58,20,1,4,1,3.26,NA,NA,1,1,11,10,14,13,12,5,5.54936599742552,5,5.33333333333333,3,5.66666666666667,5,5.33333333333333,3.33333333333333,3.33333333333333,2,5.66666666666667,5.66666666666667,4,2.33333333333333,"2018-07-05",6487,"Y",0,0,0
"CPS2-CU-T16-PA","CU","CU-T16",7.49,3.36,4.13,6,3,3,4.15,NA,0,1,0,1,0,0,0,0,0,0,0.58,NA,NA,NA,NA,NA,NA,NA,NA,NA,NA,NA,NA,NA,NA,NA,NA,NA,NA,NA,NA,NA,NA,NA,NA,NA,NA,NA,NA,NA,NA,NA,NA,1,NA,1
"CPS2-CU-T16-PB","CU","CU-T16",5,1,4,8,4,4,5,NA,0,1,0,1,0,0,0,0,0,0,0.58,38,1,5,1,3.97,NA,33,4,2,2,11,14,9,11,2.33333333333333,4.66202449806914,5,3.66666666666667,2.33333333333333,5,5,3.33333333333333,4.66666666666667,5.66666666666667,5.66666666666667,5.66666666666667,2.66666666666667,6,3.33333333333333,"2018-07-05",3753,"Y",0,0,0
"CPS2-CU-T16-PC","CU","CU-T16",6,2,4,8,4,4,4,NA,0,0,1,1,0,0,0,0,0,0,0.58,29,1,5,0,4,NA,NA,1,1,7,13,8,5,14,1.66666666666667,5.48607349420743,2.33333333333333,4.33333333333333,1,4.33333333333333,6,6.66666666666667,5,7,7,5.66666666666667,4.33333333333333,7,3.66666666666667,"2018-07-05",3068,"Y",0,0,0
"CPS2-CU-T18-PA","CU","CU-T18",9,5,4,7,4,3,4,NA,0,1,0,0,0,0,0,0,1,0,0.07,20,1,3,1,3.4,NA,27,4,0,10,11,12,5,10,4,4.09873199485105,4,6,2.66666666666667,4.66666666666667,2.33333333333333,4.33333333333333,5,3.66666666666667,3.66666666666667,3,3,3.33333333333333,5.33333333333333,"2018-07-09",3716,"X",0,0,0
"CPS2-CU-T18-PB","CU","CU-T18",8,3,5,9,5,4,4,NA,1,0,0,0,0,0,1,0,0,0,0.33,23,0,5,1,3.5,NA,NA,4,1,9,13,12,10,12,5.66666666666667,5.1867074967819,5,7,2.66666666666667,6,2.66666666666667,6,4.66666666666667,6.33333333333333,7,5,3.33333333333333,5.66666666666667,4.66666666666667,"2018-07-09",4667,"X",0,0,0
"CPS2-CU-T18-PD","CU","CU-T18",9,4,5,7,4,3,0,NA,1,0,0,1,0,0,0,0,0,0,0.58,35,0,5,1,4,NA,NA,4,3,8,9,10,9,7,3.33333333333333,4.21139049549466,5,3.66666666666667,4.66666666666667,3.66666666666667,4.33333333333333,5.66666666666667,6,3.66666666666667,4.33333333333333,4.33333333333333,4.66666666666667,6,6,"2018-07-10",3259,"X",0,0,0
"CPS2-CU-T19-PA","CU","CU-T19",8,3,5,10,5,5,5,NA,1,0,0,1,0,0,0,0,0,0,0.58,21,1,4,1,3,NA,29,4,3,4,10,12,11,11,3,5.29936599742552,6,5.66666666666667,5.66666666666667,5.33333333333333,2.66666666666667,5.66666666666667,4.33333333333333,6.33333333333333,6,3.66666666666667,1.33333333333333,6,3.66666666666667,"2018-07-10",1388,"X",0,0,0
"CPS2-CU-T19-PB","CU","CU-T19",9,5,4,10,5,5,5,NA,1,0,0,1,0,0,0,0,0,0,0.58,32,1,4,1,2.6,1310,NA,2,3,6,6,4,6,9,2.33333333333333,4.79936599742552,4.66666666666667,4.33333333333333,4,5.66666666666667,2.33333333333333,4.66666666666667,3,4,6,4.33333333333333,2,4.33333333333333,3.33333333333333,"2018-07-10",4613,"X",0,0,0
"CPS2-CU-T19-PC","CU","CU-T19",7,3,4,6,3,3,5,NA,0,1,0,1,0,0,0,0,0,0,0.58,19,0,2,1,3,NA,27,4,1,11,5,13,5,11,2.66666666666667,5.5632925032181,3,5.66666666666667,1.66666666666667,6,6.66666666666667,3.66666666666667,1.66666666666667,5.66666666666667,6.33333333333333,5.66666666666667,5,4.33333333333333,3,"2018-07-10",4093,"X",0,0,0
"CPS2-CU-T20-PA","CU","CU-T20",4,1,3,6,2,4,3,NA,0,1,0,1,0,0,0,0,0,0,0.58,27,1,5,1,3.6,NA,NA,1,0,10,13,12,9,14,5,6.04936599742552,5,5.33333333333333,3,3.33333333333333,3.33333333333333,6.33333333333333,4,5.66666666666667,5.66666666666667,5.33333333333333,4.33333333333333,6.66666666666667,4.33333333333333,"2018-07-11",59236,"X",0,0,0
"CPS2-CU-T20-PB","CU","CU-T20",7,4,3,10,5,5,5,NA,1,0,0,0,0,0,1,0,0,0,0.33,21,1,4,1,3.3,NA,33,1,2,7,13,12,12,11,4,5.25,5.33333333333333,5.33333333333333,4.66666666666667,5.66666666666667,2.33333333333333,5.33333333333333,3.66666666666667,6,6,4,1,5,3.66666666666667,"2018-07-11",2937,"X",0,0,0
"CPS2-CU-T20-PC","CU","CU-T20",9,4,5,7,2,5,4,NA,0,1,0,1,0,0,0,0,0,0,0.58,21,1,4,0,3.8,NA,29,4,1,4,9,13,5,9,2,4.25,2.66666666666667,1.66666666666667,1.66666666666667,6,5.66666666666667,1.66666666666667,3.66666666666667,2.33333333333333,2.33333333333333,6,5,1.66666666666667,4.33333333333333,"2018-07-11",4565,"X",0,0,0
"CPS2-CU-T27-PA","CU","CU-T27",7.49,3.36,4.13,10,5,5,4.15,NA,1,0,0,1,0,0,0,0,0,0,0.58,21,1,4,1,1.75,NA,35,4,3,12,13,12,7,13,3,6.5,5.66666666666667,6.33333333333333,6,5,1.66666666666667,4.66666666666667,3.66666666666667,6,6.33333333333333,6.33333333333333,3.33333333333333,5.66666666666667,3.66666666666667,"2019-09-27",401,NA,1,1,0
"CPS2-CU-T27-PB","CU","CU-T27",7.49,3.36,4.13,10,5,5,4.15,NA,1,0,0,1,0,0,0,0,0,0,0.58,31,1,5,1,3.8,2150,NA,1,3,11,9,11,11,11,6.33333333333333,5.52468299871276,5.66666666666667,2,4.66666666666667,2.33333333333333,2,2.66666666666667,3.33333333333333,5,4,4,4,4.33333333333333,4,"2019-06-24",516,NA,1,1,0
"CPS2-CU-T27-PC","CU","CU-T27",7.49,3.36,4.13,10,5,5,4.15,NA,0,1,0,1,0,0,0,0,0,0,0.58,30,1,5,1,4,NA,NA,3,3,7,11,11,8,8,3.66666666666667,4.77468299871276,6.33333333333333,5,4.33333333333333,5.33333333333333,4,4.33333333333333,4.33333333333333,5.33333333333333,4.66666666666667,5.66666666666667,3.33333333333333,4.66666666666667,3,"2019-10-09",481,NA,1,1,0
"CPS2-CU-T29-PA","CU","CU-T29",7.49,3.36,4.13,5,2,3,4.15,NA,0,1,0,0,0,0,0,0,1,0,0.07,20,1,3,0,2.8,1020,NA,2,0,12,13,13,10,8,5,6.36265850064362,4.66666666666667,5,5.33333333333333,5.33333333333333,2.66666666666667,5,4.33333333333333,6.33333333333333,6.33333333333333,6,2,6.33333333333333,3.33333333333333,"2019-05-28",1523,NA,1,1,0
"CPS2-CU-T29-PB","CU","CU-T29",7.49,3.36,4.13,8,4,4,4.15,NA,0,1,0,1,0,0,0,0,0,0,0.58,21,1,4,1,3.87,NA,35,1,3,12,12,10,6,8,2.66666666666667,5.09873199485105,7,3,7,2.33333333333333,1.66666666666667,3.33333333333333,3.66666666666667,5.33333333333333,7,2,1.66666666666667,5.66666666666667,4,"2019-06-15",507531,NA,1,1,0
"CPS2-CU-T29-PC","CU","CU-T29",7.49,3.36,4.13,9,5,4,4.15,NA,0,1,0,0,0,0,1,0,0,0,0.33,23,1,5,1,3.9,NA,35,1,2,12,13,7,9,13,2.33333333333333,6.52468299871276,6.66666666666667,6.33333333333333,6,4,1,6.66666666666667,3,4,3.66666666666667,3.33333333333333,5,3.66666666666667,3.66666666666667,"2019-06-23",795,NA,1,1,0
"CPS2-CU-T30-PA","CU","CU-T30",8,3,5,9,4,5,5,NA,0,1,0,1,0,0,0,0,0,0,0.58,20,1,3,1,3.443,NA,28,3,3,7,10,13,9,10,4.66666666666667,5.38734149935638,5,5,3.33333333333333,5.33333333333333,2,5.33333333333333,5,5.33333333333333,6.33333333333333,5.33333333333333,2,4.33333333333333,4,"2018-08-23",4006,"Y",0,0,0
"CPS2-CU-T30-PB","CU","CU-T30",4,2,2,4,1,3,4,NA,0,1,0,0,0,0,1,0,0,0,0.33,18,1,1,1,4,1300,NA,2,1,2,14,14,3,10,2,5.20063400257448,7,5.33333333333333,3,6,4.66666666666667,6,4.33333333333333,6.33333333333333,5.66666666666667,5.66666666666667,2.66666666666667,7,4,"2018-08-23",3987,"Y",0,0,0
"CPS2-CU-T30-PC","CU","CU-T30",7.49,3.36,4.13,9,4,5,4.15,NA,1,0,0,1,0,0,0,0,0,0,0.58,20,1,4,1,3.661,2150,NA,1,3,9,8,13,8,12,3.66666666666667,5.07404899613828,7,5.66666666666667,5.33333333333333,5,2.66666666666667,3.33333333333333,3.66666666666667,5.33333333333333,5,5,2.33333333333333,4.66666666666667,2.33333333333333,"2019-05-28",298,NA,1,1,0
"CPS2-CU-T31-PA","CU","CU-T31",8,4,4,7,3,4,5,NA,0,1,0,1,0,0,0,0,0,0,0.58,21,1,4,1,3.276,2060,NA,1,3,2,11,14,12,9,2.33333333333333,5.27468299871276,5,5.33333333333333,2,6.66666666666667,3.66666666666667,4.33333333333333,2.66666666666667,2.66666666666667,6.66666666666667,3,1.66666666666667,5,5,"2018-08-28",2954,"Y",0,0,0
"CPS2-CU-T31-PB","CU","CU-T31",9,5,4,9,4,5,5,NA,1,0,0,0,0,0,1,0,0,0,0.33,23,1,5,1,NA,NA,NA,4,1,4,8,8,8,10,3.66666666666667,3.59873199485105,5.33333333333333,5,3,3.33333333333333,5,4.66666666666667,4.33333333333333,2.66666666666667,5.33333333333333,3,2.33333333333333,2.33333333333333,3.66666666666667,"2018-08-30",4442,"Y",0,0,0
"CPS2-CU-T31-PC","CU","CU-T31",8,4,4,10,5,5,4,NA,0,1,0,0,0,0,1,0,0,0,0.33,22,0,5,1,3.65,2020,NA,1,3,14,13,10,11,12,3.33333333333333,5.48607349420743,6,6.33333333333333,3,5,4.66666666666667,5,5,2.33333333333333,7,1.66666666666667,2.66666666666667,4,5,"2018-08-29",4828,"Y",0,0,0
"CPS2-CU-T33-PA","CU","CU-T33",9,5,4,8,4,4,5,2,1,0,0,0,0,0,1,0,0,0,0.33,22,1,5,1,NA,2080,NA,1,3,12,13,13,13,11,6.33333333333333,5.88734149935638,6.33333333333333,5.33333333333333,5.66666666666667,4,2,5.33333333333333,5.66666666666667,5,7,3.66666666666667,1.33333333333333,5,5.66666666666667,"2018-09-05",1737,"X",0,0,0
"CPS2-CU-T33-PB","CU","CU-T33",10,5,5,10,5,5,4,4,1,0,0,0,0,0,1,0,0,0,0.33,25,0,5,1,NA,NA,NA,4,1,9,11,11,12,12,2.33333333333333,5.38734149935638,6,5.33333333333333,4,4.33333333333333,3,4,4.66666666666667,4.66666666666667,6,3,2,4.66666666666667,3.66666666666667,"2018-09-05",3049,"X",0,0,0
"CPS2-CU-T33-PC","CU","CU-T33",9,4,5,8,4,4,3,2,1,0,0,1,0,0,0,0,0,0,0.58,20,1,3,1,3.3,NA,25,4,1,8,13,11,13,13,6,5.27468299871276,3.66666666666667,5.33333333333333,2.66666666666667,3,1.66666666666667,3.33333333333333,3.33333333333333,2.33333333333333,5.66666666666667,3.33333333333333,1,7,4.66666666666667,"2018-09-04",3988,"X",0,0,0
"CPS2-CU-T34-PA","CU","CU-T34",7,3,4,7,4,3,5,1,1,0,0,1,0,0,0,0,0,0,0.58,25,1,5,1,3,NA,NA,3,3,9,13,12,12,12,6,4.84873199485105,4.66666666666667,4.33333333333333,4.66666666666667,4.33333333333333,5,3.33333333333333,3.33333333333333,7,6.33333333333333,5,3,5.33333333333333,3.33333333333333,"2018-09-07",23022,"X",0,0,0
"CPS2-CU-T34-PB","CU","CU-T34",5,2,3,8,4,4,5,2,0,1,0,1,0,0,0,0,0,0,0.58,31,1,4,1,3.9,NA,NA,4,2,5,6,8,6,12,1.33333333333333,3,3.66666666666667,5,4,3.33333333333333,4.33333333333333,5,3.33333333333333,7,7,4.33333333333333,3,7,2.33333333333333,"2018-09-09",8578,"X",0,0,0
"CPS2-CU-T34-PC","CU","CU-T34",9,4,5,10,5,5,5,2,1,0,0,1,0,0,0,0,0,0,0.58,22,1,5,1,NA,2220,NA,1,3,6,10,12,10,11,3.66666666666667,5.32404899613828,6,4.33333333333333,4.66666666666667,5.33333333333333,4,2.33333333333333,3.66666666666667,3,6,3.66666666666667,2,2.33333333333333,5,"2018-09-09",2985,"X",0,0,0
"CPS2-CU-T35-PA","CU","CU-T35",10,5,5,10,5,5,5,4,1,0,0,1,0,0,0,0,0,0,0.58,21,1,4,1,3.7,NA,33,3,0,5,12,5,8,13,3.66666666666667,5.23607349420743,5,5.66666666666667,6.66666666666667,4.33333333333333,1.66666666666667,5,5.33333333333333,2,7,2,2,2,5,"2018-09-10",3182,"X",0,0,0
"CPS2-CU-T35-PB","CU","CU-T35",9,4,5,9,4,5,4,5,0,1,0,1,0,0,0,0,0,0,0.58,18,1,3,1,4,1540,NA,2,3,5,11,14,12,10,2,6.22531700128724,5.66666666666667,4.33333333333333,2.33333333333333,5,6,2,4,3,6,3.66666666666667,3,2.33333333333333,3.66666666666667,"2018-09-09",3622,"X",0,0,0
"CPS2-CU-T35-PC","CU","CU-T35",7,2,5,10,5,5,4,1,0,1,0,1,0,0,0,0,0,0,0.58,49,1,5,1,3.6,1520,NA,2,2,6,13,14,14,14,3.33333333333333,5.62341499356381,6.66666666666667,5.66666666666667,2.33333333333333,5.33333333333333,1.66666666666667,4.66666666666667,3.33333333333333,4.33333333333333,6.33333333333333,3,1,4.66666666666667,3.33333333333333,"2018-09-09",63125,"X",0,0,0
"CPS2-CU-T36-PB","CU","CU-T36",7,3,4,5,1,4,2,1,1,0,0,0,0,0,1,0,0,0,0.33,24,0,5,1,NA,NA,NA,4,2,13,4,6,13,8,4.33333333333333,5.83797550193086,4,6.33333333333333,5.33333333333333,4.66666666666667,4.33333333333333,6,4.33333333333333,7,5,6.33333333333333,4.33333333333333,6.66666666666667,3.33333333333333,"2018-09-17",5469,"X",0,0,0
"CPS2-CU-T36-PC","CU","CU-T36",10,5,5,8,3,5,5,6,1,0,0,0,0,0,0,0,1,0,0.07,22,0,5,1,NA,NA,32,1,1,11,12,10,10,12,4.33333333333333,4.82404899613828,4.66666666666667,5.33333333333333,5,4.33333333333333,2,4.33333333333333,4,4.66666666666667,6,4,2,4.33333333333333,4,"2018-09-17",3293,"X",0,0,0
"CPS2-CU-T36-PD","CU","CU-T36",7,2,5,8,3,5,5,2,1,0,0,1,0,0,0,0,0,0,0.58,20,1,2,1,2.49,NA,NA,3,1,8,12,13,9,11,4,6.11265850064362,4.66666666666667,4.66666666666667,4.66666666666667,4,4.33333333333333,5,4.33333333333333,5,6.33333333333333,5.33333333333333,2.66666666666667,6.66666666666667,5,"2018-09-17",2918,"X",0,0,0
"CPS2-CU-T37-PA","CU","CU-T37",9,4,5,8,3,5,4,4,0,1,0,1,0,0,0,0,0,0,0.58,22,1,4,1,3.43,NA,31,1,3,11,9,14,10,11,5,5.97531700128724,5.66666666666667,5.33333333333333,3.66666666666667,5,2.33333333333333,5.33333333333333,3.33333333333333,6,6.33333333333333,5.33333333333333,4.66666666666667,5,2.66666666666667,"2018-09-15",2904,"X",0,0,0
"CPS2-CU-T37-PB","CU","CU-T37",8,3,5,8,4,4,5,3,0,1,0,1,0,0,0,0,0,0,0.58,22,1,5,1,NA,2250,NA,1,3,9,9,14,7,9,3,5.52468299871276,5.33333333333333,5.66666666666667,4.33333333333333,5,4.33333333333333,4.66666666666667,3.66666666666667,4.66666666666667,7,3.66666666666667,1.66666666666667,6,3,"2018-09-17",3074,"X",0,0,0
"CPS2-CU-T37-PC","CU","CU-T37",9,4,5,8,3,5,5,3,1,0,0,0,0,0,1,0,0,0,0.33,25,0,5,1,4,NA,NA,4,2,12,8,9,9,9,3.66666666666667,5.22531700128724,5.66666666666667,5.66666666666667,6.33333333333333,3,1.66666666666667,4,3.66666666666667,5.66666666666667,6,3,2,3.33333333333333,3.66666666666667,"2018-09-17",2868,"X",0,0,0
"CPS2-CU-T38-PA","CU","CU-T38",5,1,4,7,3,4,5,1,0,1,0,1,0,0,0,0,0,0,0.58,19,1,2,1,3.933,NA,32,4,0,5,10,14,14,9,5.33333333333333,5.97531700128724,4.33333333333333,5.33333333333333,4,5,3,4.33333333333333,3.33333333333333,5.66666666666667,6.66666666666667,3.33333333333333,1.33333333333333,3.33333333333333,3.33333333333333,"2018-09-18",3992,"X",0,0,0
"CPS2-CU-T38-PB","CU","CU-T38",7,2,5,7,3,4,4,1,0,1,0,0,0,0,1,0,0,0,0.33,22,1,5,1,3.93,1860,NA,1,1,8,13,13,12,11,5,5.26075649292019,1.66666666666667,5.33333333333333,1,5.66666666666667,5.66666666666667,4,7,6.33333333333333,6.66666666666667,5.66666666666667,2.66666666666667,3.66666666666667,5.33333333333333,"2018-09-18",4272,"X",0,0,0
"CPS2-CU-T38-PC","CU","CU-T38",7,4,3,8,5,3,5,2,0,1,0,1,0,0,0,0,0,0,0.58,22,1,5,0,4,NA,NA,1,1,8,14,14,8,14,4.33333333333333,6.32404899613828,1,5.33333333333333,1,6.66666666666667,5.66666666666667,4.33333333333333,3,7,5,5,1,7,3,"2018-09-18",2814,"X",0,0,0
"CPS2-CU-T39-PA","CU","CU-T39",8,3,5,9,4,5,0,4,0,1,0,0,0,0,0,0,1,0,0.07,49,0,5,1,3.5,NA,NA,4,3,11,8,8,10,10,5.66666666666667,4.9367074967819,6.66666666666667,5.33333333333333,2.66666666666667,5.33333333333333,5,5.33333333333333,2.66666666666667,6,5,5.66666666666667,2,4.33333333333333,3.33333333333333,"2018-09-23",7393,"X",0,0,0
"CPS2-CU-T39-PB","CU","CU-T39",9,4,5,10,5,5,4,2,1,0,0,0,0,0,1,0,0,0,0.33,24,1,5,1,3.84,NA,NA,4,2,6,12,11,12,12,6.33333333333333,5.1867074967819,3.33333333333333,5.33333333333333,2.33333333333333,5.33333333333333,1.66666666666667,3.66666666666667,2,6.33333333333333,6,4.66666666666667,1.66666666666667,5.33333333333333,3,"2018-09-23",4828,"X",0,0,0
"CPS2-CU-T39-PC","CU","CU-T39",8,4,4,9,5,4,2,4,1,0,0,0,0,0,1,0,0,0,0.33,22,0,5,1,NA,NA,NA,4,2,6,12,10,7,12,2.66666666666667,5.41202449806914,4.33333333333333,4.66666666666667,5.33333333333333,3.66666666666667,2.66666666666667,4.33333333333333,3.66666666666667,5.66666666666667,5.66666666666667,3.33333333333333,2,5.33333333333333,3.66666666666667,"2018-09-24",2778,"X",0,0,0
"CPS2-CU-T40-PA","CU","CU-T40",10,5,5,10,5,5,5,4,0,1,0,1,0,0,0,0,0,0,0.58,20,1,3,1,3.346,2000,NA,1,3,7,8,14,7,12,2.33333333333333,5.97531700128724,7,4.33333333333333,2.66666666666667,5,1,5,4.33333333333333,6.33333333333333,7,4.33333333333333,1,5.66666666666667,3.33333333333333,"2018-09-25",2626,"X",0,0,0
"CPS2-CU-T40-PB","CU","CU-T40",10,5,5,10,5,5,5,5,1,0,0,1,0,0,0,0,0,0,0.58,22,1,4,1,3.565,NA,32,3,3,6,10,5,8,10,4.66666666666667,5.38734149935638,6,5.66666666666667,6,4.33333333333333,1.33333333333333,5.33333333333333,5,4.33333333333333,7,4,3.33333333333333,6,4,"2018-09-24",4177,"X",0,0,0
"CPS2-CU-T40-PC","CU","CU-T40",7,2,5,10,5,5,5,4,1,0,0,0,0,0,1,0,0,0,0.33,22,1,5,1,4,NA,NA,4,2,4,5,12,9,6,1.33333333333333,2.75,5,2.66666666666667,2,5.66666666666667,5,1,2,3,7,5.66666666666667,1,1,3,"2018-09-25",2971,"X",0,0,0
"CPS2-CU-T43-PA","CU","CU-T43",7,2,5,7,2,5,5,1,0,1,0,0,0,0,1,0,0,0,0.33,18,1,2,0,3.92,NA,33,3,2,4,11,12,6,7,4.33333333333333,4.21139049549466,4.33333333333333,5,6.33333333333333,5.66666666666667,2,5,5,5,6.66666666666667,4.33333333333333,2,4.66666666666667,5,"2018-10-01",3011,"Y",0,0,0
"CPS2-CU-T43-PC","CU","CU-T43",7.49,3.36,4.13,7,2,5,4.15,1,0,1,0,0,1,0,0,0,0,0,0.02,19,1,2,0,3.4,NA,27,1,1,10,8,13,10,12,4,6.61265850064362,3,2.33333333333333,1.66666666666667,5.66666666666667,3.66666666666667,1.66666666666667,3.66666666666667,4,5,6,1,1,3,"2019-10-02",577,NA,1,1,0
"CPS2-CU-T43-PD","CU","CU-T43",8,4,4,7,3,4,2,1,1,0,0,1,0,0,0,0,0,0,0.58,18,1,1,1,0,NA,26,3,1,4,8,7,13,10,4,3.48607349420743,5.33333333333333,5,3.66666666666667,4.33333333333333,2,4.33333333333333,4,3,5.66666666666667,3,1,3,3.33333333333333,"2018-10-02",7571,"Y",0,0,0
"CPS2-CU-T44-PA","CU","CU-T44",6,3,3,5,2,3,5,2,0,1,0,0,0,0,1,0,0,0,0.33,20,1,3,1,3.55,NA,28,3,0,9,14,13,12,13,4,5.9367074967819,5,5,2.33333333333333,6.66666666666667,4.33333333333333,5.33333333333333,5.33333333333333,7,6.33333333333333,7,1.66666666666667,7,3.33333333333333,"2018-10-04",3090,"Y",0,0,0
"CPS2-CU-T44-PB","CU","CU-T44",4,1,3,5,1,4,2,1,0,1,0,0,0,0,1,0,0,0,0.33,28,0,5,1,NA,NA,NA,2,0,8,8,9,8,13,3.33333333333333,4.86265850064362,3,5.33333333333333,4.66666666666667,4,3,2.66666666666667,3,4.33333333333333,2.66666666666667,4,4.33333333333333,3.33333333333333,2.33333333333333,"2018-10-01",7067,"Y",0,0,0
"CPS2-CU-T44-PC","CU","CU-T44",10,5,5,10,5,5,5,2,1,0,0,1,0,0,0,0,0,0,0.58,29,1,5,1,3.97,2240,34,1,3,5,11,11,7,11,4.33333333333333,5.21139049549466,4.33333333333333,6.33333333333333,6,4.33333333333333,2,5.33333333333333,3,6.33333333333333,6.33333333333333,4.66666666666667,2,5.66666666666667,3,"2018-10-02",4104,"Y",0,0,0
"CPS2-CU-T45-PA","CU","CU-T45",8,5,3,9,4,5,5,1,1,0,0,0,1,0,0,0,0,0,0.02,19,1,2,1,2.6,NA,34,3,1,6,11,10,10,8,4.66666666666667,4.66202449806914,5.33333333333333,5,4.66666666666667,5,2.66666666666667,5,5.33333333333333,4,4.66666666666667,4.33333333333333,3.33333333333333,4.66666666666667,4,"2018-10-07",4681,"Y",0,0,0
"CPS2-CU-T45-PB","CU","CU-T45",8,3,5,8,3,5,5,0,0,1,0,1,0,0,0,0,0,0,0.58,20,1,3,1,3.7,NA,28,4,3,7,13,13,9,11,2.33333333333333,6.13734149935638,5.66666666666667,6,3,5,3.66666666666667,7,5,6.33333333333333,6.33333333333333,5,1,5,6.33333333333333,"2018-10-07",3394,"Y",0,0,0
"CPS2-CU-T45-PC","CU","CU-T45",10,5,5,9,5,4,5,2,1,0,0,0,0,0,1,0,0,0,0.33,23,0,5,1,3.43,NA,NA,4,2,6,12,5,5,11,4,4.1867074967819,5,6,6.66666666666667,6.66666666666667,2,2.33333333333333,3,5.66666666666667,7,3.66666666666667,1,2.66666666666667,3,"2018-10-07",8464,"Y",0,0,0
"CPS2-CU-T46-PA","CU","CU-T46",5,3,2,6,3,3,3,1,1,0,0,0,1,0,0,0,0,0,0.02,20,1,3,1,2.985,NA,24,3,3,5,9,11,10,13,3.66666666666667,4.91202449806914,4,3,4,3,1,3.33333333333333,4.66666666666667,1,7,1.33333333333333,1,2.66666666666667,3.66666666666667,"2018-10-07",2744,"Y",0,0,0
"CPS2-CU-T46-PB","CU","CU-T46",4,3,1,8,3,5,4,1,0,1,0,0,0,0,0,0,0,1,0.01,24,1,5,1,NA,NA,NA,3,1,6,13,14,11,6,2.66666666666667,4.91202449806914,4,5,3.66666666666667,4.33333333333333,3.66666666666667,3.66666666666667,3.33333333333333,5,4.66666666666667,4,3,4.66666666666667,3.66666666666667,"2018-10-07",3571,"Y",0,0,0
"CPS2-CU-T46-PC","CU","CU-T46",7,3,4,7,3,4,5,1,1,0,0,1,0,0,0,0,0,0,0.58,18,1,1,1,NA,1330,NA,2,1,7,11,12,11,10,3,5.27468299871276,5.33333333333333,4,2.66666666666667,5,2.66666666666667,4.66666666666667,3.66666666666667,3.66666666666667,7,3.33333333333333,2,3.66666666666667,4,"2018-10-08",3174,"Y",0,0,0
"CPS2-CU-T48-PA","CU","CU-T48",9,4,5,10,5,5,5,2,1,0,0,0,0,0,1,0,0,0,0.33,25,0,5,1,4,NA,NA,4,3,5,13,9,5,6,4.33333333333333,3.73607349420743,5.33333333333333,4.33333333333333,4.33333333333333,5,3.33333333333333,4,4.66666666666667,3.33333333333333,5.66666666666667,3.66666666666667,2,2.33333333333333,2,"2018-10-16",3965,"Y",0,0,0
"CPS2-CU-T48-PB","CU","CU-T48",7.49,3.36,4.13,5,2,3,4.15,1,0,1,0,1,0,0,0,0,0,0,0.58,19,1,2,1,3,1220,NA,2,1,10,10,10,10,12,4.33333333333333,6,5,5,4.66666666666667,5,3.33333333333333,5,5,5,4,5,2.33333333333333,5.33333333333333,4,"2019-10-01",275,NA,1,1,0
"CPS2-CU-T48-PC","CU","CU-T48",4,0,4,5,2,3,3,2,0,1,0,0,0,0,1,0,0,0,0.33,18,1,1,1,4,NA,NA,4,0,12,8,12,4,10,4.66666666666667,5.08797550193086,4,4.66666666666667,4.33333333333333,5.66666666666667,5.33333333333333,5.66666666666667,2.66666666666667,5.66666666666667,6,5,1.66666666666667,6.33333333333333,3.66666666666667,"2018-10-15",3128,"Y",0,0,0
"CPS2-CU-T49-PA","CU","CU-T49",6,2,4,6,3,3,5,1,0,1,0,1,0,0,0,0,0,0,0.58,25,0,5,0,4,NA,NA,4,1,3,9,13,11,8,2,3.71139049549466,5,6.66666666666667,5.33333333333333,5.66666666666667,6,4,4.33333333333333,2.33333333333333,4.66666666666667,1.66666666666667,2,4,4,"2018-10-17",5523,"X",0,0,0
"CPS2-CU-T49-PB","CU","CU-T49",7,3,4,6,2,4,5,0,1,0,0,0,0,0,0,0,1,0,0.07,18,1,1,1,NA,1390,29,2,1,10,11,7,7,10,4,6,7,6.33333333333333,6,5.33333333333333,1,5.33333333333333,4.66666666666667,4,6.33333333333333,6.66666666666667,1.66666666666667,5.66666666666667,4.33333333333333,"2018-10-19",7429,"X",0,0,0
"CPS2-CU-T49-PC","CU","CU-T49",8,4,4,10,5,5,4,2,1,0,0,0,0,0,1,0,0,0,0.33,18,1,1,1,4,1470,35,2,1,7,6,10,12,12,4.33333333333333,6.11265850064362,7,6.33333333333333,6.33333333333333,3.33333333333333,1,4.33333333333333,3,4,7,3,1,4.33333333333333,4.33333333333333,"2018-10-16",2671,"X",0,0,0
"CPS2-CU-T52-PA","CU","CU-T52",10,5,5,6,1,5,4,0,0,1,0,0,0,0,1,0,0,0,0.33,19,0,1,1,NA,1480,NA,2,1,7,12,11,12,10,4,4.77468299871276,4.33333333333333,3.66666666666667,3.33333333333333,3.33333333333333,4,4.33333333333333,4.66666666666667,4.66666666666667,5.66666666666667,3.66666666666667,2,4.66666666666667,4.33333333333333,"2018-10-30",2736,"X",0,0,0
"CPS2-CU-T52-PB","CU","CU-T52",8,3,5,7,4,3,4,1,1,0,0,1,0,0,0,0,0,0,0.58,19,1,1,1,NA,1360,NA,2,1,7,12,13,12,14,3.33333333333333,4.91202449806914,5.33333333333333,3.33333333333333,3.33333333333333,4.33333333333333,3.66666666666667,4,3.66666666666667,5.66666666666667,5.66666666666667,4,1.66666666666667,5.33333333333333,4.66666666666667,"2018-11-01",78539,"X",0,0,0
"CPS2-CU-T52-PD","CU","CU-T52",9,5,4,7,4,3,5,1,1,0,0,0,0,0,1,0,0,0,0.33,18,1,1,1,3.9,1360,NA,2,3,8,8,11,9,11,3.66666666666667,6.13734149935638,7,6,6.66666666666667,6.66666666666667,2,4.33333333333333,4.33333333333333,5,7,2.33333333333333,1,4.33333333333333,3.66666666666667,"2018-11-01",19872,"X",0,0,0
"CPS2-CU-T53-PA","CU","CU-T53",10,5,5,8,4,4,4,3,1,0,0,1,0,0,0,0,0,0,0.58,20,1,3,1,3.5,NA,NA,3,3,8,5,14,9,10,3,5.41202449806914,3.33333333333333,6,3,5.33333333333333,3.33333333333333,4,3.66666666666667,5.33333333333333,6,3.66666666666667,1.66666666666667,4.33333333333333,3.66666666666667,"2018-11-04",3510,"X",0,0,0
"CPS2-CU-T53-PB","CU","CU-T53",6,2,4,8,4,4,4,0,1,0,0,0,0,0,1,0,0,0,0.33,25,0,5,1,NA,NA,NA,4,3,9,10,12,8,13,4,6.5,6.66666666666667,3.33333333333333,4,2.33333333333333,2.33333333333333,4.66666666666667,4.66666666666667,4,7,1.66666666666667,1,4.66666666666667,5,"2018-11-05",4459,"X",0,0,0
"CPS2-CU-T53-PC","CU","CU-T53",7,3,4,9,5,4,5,3,1,0,0,1,0,0,0,0,0,0,0.58,18,1,1,1,NA,NA,30,4,2,8,12,12,11,9,3.66666666666667,5.29936599742552,6,1.66666666666667,2,5,1.66666666666667,2,3.66666666666667,3.33333333333333,3.66666666666667,3,2,2,3.66666666666667,"2018-11-05",6871,"X",0,0,0
"CPS2-CU-T54-PA","CU","CU-T54",10,5,5,10,5,5,5,4,1,0,0,1,0,0,0,0,0,0,0.58,24,1,5,1,4,NA,34,1,3,6,11,8,9,12,4,4.54936599742552,5.66666666666667,6.66666666666667,5.66666666666667,3.66666666666667,2,5.66666666666667,2.66666666666667,4.33333333333333,6.33333333333333,1.66666666666667,1,4.33333333333333,4,"2018-11-05",2981,"X",0,0,0
"CPS2-CU-T54-PB","CU","CU-T54",10,5,5,10,5,5,5,5,1,0,0,1,0,0,0,0,0,0,0.58,18,1,2,1,4,NA,33,2,1,10,9,13,12,9,2.33333333333333,5.63734149935638,7,6,3.66666666666667,6.66666666666667,3,4.33333333333333,4.66666666666667,3,6.66666666666667,6,2.33333333333333,5,4.66666666666667,"2018-11-06",3003,"X",0,0,0
"CPS2-CU-T54-PC","CU","CU-T54",7,3,4,4,2,2,4,1,1,0,0,1,0,0,0,0,0,0,0.58,18,1,1,1,3.3,NA,31,2,1,8,6,14,12,13,4,6.66202449806914,7,5.33333333333333,4.66666666666667,6,5.33333333333333,5.66666666666667,5,5.66666666666667,6,6.66666666666667,2.66666666666667,6,4.33333333333333,"2018-11-04",2628,"X",0,0,0
"CPS2-CU-T56-PA","CU","CU-T56",9,4,5,10,5,5,4,2,1,0,0,0,0,0,1,0,0,0,0.33,27,0,5,1,3.8,1800,NA,1,2,8,8,8,12,9,5,3.98607349420743,4.33333333333333,5.33333333333333,5.33333333333333,3.66666666666667,5,3,3.66666666666667,2.33333333333333,7,1,7,2.66666666666667,4.33333333333333,"2018-11-16",4115,"X",0,0,0
"CPS2-CU-T56-PB","CU","CU-T56",4,1,3,5,3,2,4,1,0,1,0,1,0,0,0,0,0,0,0.58,29,1,5,1,NA,NA,NA,2,0,11,11,11,11,11,3.33333333333333,4.75,3.33333333333333,5,4.33333333333333,5,2.66666666666667,5,3.66666666666667,5.66666666666667,5.66666666666667,6,2,5,3.66666666666667,"2018-11-15",3538,"X",0,0,0
"CPS2-CU-T56-PC","CU","CU-T56",5,3,2,6,2,4,4,3,0,1,0,0,0,0,1,0,0,0,0.33,18,0,1,1,NA,NA,NA,4,1,7,9,12,10,11,4,6.11265850064362,5,4.33333333333333,3.66666666666667,5,3.33333333333333,4.66666666666667,4,5.33333333333333,3,6,5.33333333333333,6.33333333333333,4,"2018-11-15",54761,"X",0,0,0
"CPS2-CU-T57-PA","CU","CU-T57",8,4,4,7,3,4,5,1,0,1,0,1,0,0,0,0,0,0,0.58,18,1,1,1,4,1380,NA,2,0,7,9,12,9,11,4,4.63734149935638,4.66666666666667,3.66666666666667,2.66666666666667,3,4.33333333333333,2.66666666666667,3.66666666666667,3.66666666666667,3.66666666666667,3.66666666666667,3.66666666666667,3.66666666666667,4.33333333333333,"2018-11-25",3078,"Y",0,0,0
"CPS2-CU-T57-PB","CU","CU-T57",9,4,5,9,5,4,5,1,1,0,0,1,0,0,0,0,0,0,0.58,22,1,3,0,4,NA,32,4,1,11,6,12,13,7,2.33333333333333,6.17595100386172,5.66666666666667,3.33333333333333,4.33333333333333,6,2.33333333333333,2.66666666666667,3.66666666666667,1.33333333333333,6,4.33333333333333,1,1.33333333333333,5.33333333333333,"2018-11-24",2991,"Y",0,0,0
"CPS2-CU-T57-PC","CU","CU-T57",8,3,5,9,4,5,5,0,1,0,0,0,0,0,1,0,0,0,0.33,23,1,3,1,3.4,2150,NA,1,0,6,9,10,9,9,2.66666666666667,4.86265850064362,5,6,2.33333333333333,4.66666666666667,3,5.33333333333333,3.33333333333333,4.66666666666667,4.66666666666667,4.66666666666667,3.66666666666667,4.66666666666667,4.33333333333333,"2018-11-24",2420,"Y",0,0,0
"CPS2-CU-T60-PB","CU","CU-T60",7,3,4,7,3,4,5,1,1,0,0,0,0,0,1,0,0,0,0.33,21,0,4,1,3.89,NA,32,1,2,9,12,9,10,12,3.66666666666667,4.96139049549466,6.66666666666667,5.66666666666667,4.66666666666667,5.66666666666667,3.66666666666667,4.66666666666667,3.66666666666667,2,6,2,1,2.33333333333333,3.66666666666667,"2018-12-03",2969,"Y",0,0,0
"CPS2-CU-T60-PC","CU","CU-T60",5,2,3,7,4,3,5,4,0,1,0,1,0,0,0,0,0,0,0.58,21,1,4,0,3.914,NA,NA,3,3,12,14,11,12,7,3.66666666666667,6.11265850064362,6,6.33333333333333,5.66666666666667,5.33333333333333,1,6,5.66666666666667,6.33333333333333,6.33333333333333,4,1,5.33333333333333,4.66666666666667,"2018-12-04",2651,"Y",0,0,0
"CPS2-CU-T60-PD","CU","CU-T60",5,1,4,9,4,5,4,1,0,1,0,1,0,0,0,0,0,0,0.58,22,1,4,1,2,NA,NA,4,2,9,10,10,4,10,1.66666666666667,5.86265850064362,1,4.33333333333333,1,5,7,1,2.33333333333333,5.66666666666667,5,5,5.66666666666667,4,3,"2018-12-05",5252,"Y",0,0,0
"CPS2-CU-T62-PA","CU","CU-T62",5,3,2,5,2,3,2,3,0,1,0,0,0,0,0,0,1,0,0.07,21,1,4,0,3.4,NA,NA,3,1,12,8,12,10,12,3,5.86265850064362,4,3,2.33333333333333,2.66666666666667,4.33333333333333,2,4.66666666666667,2.66666666666667,3.66666666666667,3.66666666666667,4.33333333333333,3.33333333333333,5,"2018-12-11",76255,"Y",0,0,0
"CPS2-CU-T62-PB","CU","CU-T62",8,3,5,10,5,5,4,1,0,1,0,1,0,0,0,0,0,0,0.58,19,1,2,1,3,NA,28,3,1,11,10,8,9,14,4.66666666666667,4.9367074967819,5,5.33333333333333,3,5.33333333333333,5.66666666666667,4.66666666666667,4,5.66666666666667,6,5.33333333333333,2.33333333333333,6,4.66666666666667,"2018-12-12",4331,"Y",0,0,0
"CPS2-CU-T62-PC","CU","CU-T62",6,3,3,6,1,5,5,1,0,1,0,1,0,0,0,0,0,0,0.58,19,1,1,0,NA,1410,NA,2,0,11,14,14,10,12,2.66666666666667,6.0632925032181,1,6.66666666666667,3.66666666666667,6.33333333333333,4.66666666666667,5.33333333333333,2.33333333333333,7,7,6.66666666666667,1,6.66666666666667,4.33333333333333,"2018-12-10",3109,"Y",0,0,0
"CPS2-CU-T63-PA","CU","CU-T63",6,2,4,8,4,4,5,2,0,1,0,1,0,0,0,0,0,0,0.58,27,1,3,1,3.53,NA,NA,3,3,3,7,14,9,11,2.66666666666667,4.4367074967819,7,7,5,6.33333333333333,2,6.66666666666667,4.66666666666667,7,7,6.66666666666667,1,7,3,"2019-01-22",2800,"Y",0,0,0
"CPS2-CU-T63-PB","CU","CU-T63",7,4,3,7,3,4,4,2,0,1,0,1,0,0,0,0,0,0,0.58,19,0,1,0,3.65,1280,NA,2,0,6,10,11,8,7,2,5.0632925032181,1.33333333333333,5.33333333333333,4.66666666666667,6.66666666666667,6,5.66666666666667,3.66666666666667,6.66666666666667,6.66666666666667,6,3,6.33333333333333,3.33333333333333,"2019-01-22",3872,"Y",0,0,0
"CPS2-CU-T63-PC","CU","CU-T63",7,3,4,7,3,4,4,4,0,1,0,1,0,0,0,0,0,0,0.58,18,1,1,1,3.3,1500,NA,2,2,6,12,14,9,11,3,6.13734149935638,4,4,1.66666666666667,6,2,4.33333333333333,4,3,4.33333333333333,6.33333333333333,1,5.66666666666667,5.33333333333333,"2019-01-21",2949,"Y",0,0,0
"CPS2-CU-T66-PA","CU","CU-T66",5,2,3,6,3,3,3,1,1,0,0,1,0,0,0,0,0,0,0.58,21,1,3,1,3.65,NA,22,3,0,14,9,12,7,10,3.33333333333333,5.72531700128724,1.66666666666667,1.33333333333333,1.33333333333333,3,4.66666666666667,2.33333333333333,6,3,3,3.66666666666667,3.33333333333333,2.66666666666667,4.33333333333333,"2019-02-18",3188,"X",0,0,0
"CPS2-CU-T66-PB","CU","CU-T66",10,5,5,9,4,5,5,4,1,0,0,1,0,0,0,0,0,0,0.58,18,1,1,0,3.1,1450,NA,2,1,5,9,9,10,12,4.33333333333333,4.71139049549466,5.33333333333333,6.33333333333333,5.66666666666667,3,1,5,5.33333333333333,5.33333333333333,6,2.66666666666667,1.33333333333333,6,4.66666666666667,"2019-02-21",2784,"X",0,0,0
"CPS2-CU-T66-PC","CU","CU-T66",5,2,3,6,4,2,4,2,1,0,0,1,0,0,0,0,0,0,0.58,21,1,3,0,2.1,NA,28,4,2,6,12,10,9,11,4.33333333333333,6.4367074967819,6,5.33333333333333,4,5.33333333333333,4.66666666666667,5.66666666666667,4.33333333333333,5.66666666666667,6,5.33333333333333,3.33333333333333,5.66666666666667,3.66666666666667,"2019-02-20",2134,"X",0,0,0
"CPS2-CU-T68-PA","CU","CU-T68",6,4,2,6,3,3,1,0,0,1,0,0,0,0,1,0,0,0,0.33,22,0,5,1,3.43,NA,NA,4,2,11,11,13,6,9,4.33333333333333,4.72531700128724,3.33333333333333,6.66666666666667,2.66666666666667,4,6.33333333333333,6.66666666666667,6,3.66666666666667,4,4,4.33333333333333,6,3.33333333333333,"2019-02-23",2186,"X",0,0,0
"CPS2-CU-T68-PB","CU","CU-T68",10,5,5,8,3,5,4,3,1,0,0,1,0,0,0,0,0,0,0.58,26,1,5,1,3.9,NA,34,3,3,10,9,11,10,9,6.33333333333333,5.77468299871276,6,5.66666666666667,4.66666666666667,5,2,4,3.33333333333333,4.33333333333333,5,4,2,4,3.33333333333333,"2019-02-27",2686,"X",0,0,0
"CPS2-CU-T68-PC","CU","CU-T68",8,5,3,8,3,5,5,1,0,1,0,1,0,0,0,0,0,0,0.58,21,1,4,0,3.76,1970,NA,1,1,9,11,12,9,13,5,5.5,5.33333333333333,5,4,3.66666666666667,2,4.33333333333333,5,5,6,2.66666666666667,2,5.66666666666667,4.66666666666667,"2019-02-27",8496,"X",0,0,0
"CPS2-CU-T69-PA","CU","CU-T69",7,2,5,8,3,5,4,1,0,1,0,0,0,0,1,0,0,0,0.33,24,1,5,1,3.5,NA,NA,4,2,13,13,10,11,12,4.66666666666667,4.96139049549466,4.66666666666667,6.66666666666667,5.33333333333333,4.66666666666667,4.66666666666667,6,6,7,7,3,1,7,7,"2019-03-05",2180,"X",0,0,0
"CPS2-CU-T69-PB","CU","CU-T69",9,4,5,10,5,5,5,4,0,1,0,1,0,0,0,0,0,0,0.58,20,1,3,1,4,NA,32,4,3,8,9,11,6,11,1,4.66202449806914,6,5.66666666666667,5.66666666666667,5,2,4.33333333333333,3.66666666666667,3.33333333333333,7,5.66666666666667,1,5,4.66666666666667,"2019-03-02",3094,"X",0,0,0
"CPS2-CU-T69-PC","CU","CU-T69",7,3,4,6,1,5,5,1,0,1,0,1,0,0,0,0,0,0,0.58,29,1,5,0,4,NA,NA,3,1,10,8,13,14,14,5,5.27468299871276,3,5.33333333333333,3.66666666666667,4.66666666666667,2.33333333333333,5.33333333333333,4.66666666666667,6,4.33333333333333,5.66666666666667,1,5.33333333333333,3.33333333333333,"2019-03-03",4533,"X",0,0,0
"CPS2-CU-T70-PA","CU","CU-T70",7,2,5,6,3,3,3,2,1,0,0,0,0,0,1,0,0,0,0.33,25,0,5,1,3.5,NA,NA,4,3,8,10,13,9,8,5.33333333333333,5.41202449806914,4.66666666666667,5.33333333333333,3,5,2.33333333333333,5,3.33333333333333,7,5,3,3,6,2.66666666666667,"2019-03-17",3244,"X",0,0,0
"CPS2-CU-T70-PB","CU","CU-T70",8,3,5,7,2,5,0,3,1,0,0,0,0,0,1,0,0,0,0.33,18,1,1,1,3.92,NA,33,2,2,8,9,13,9,6,6,4.73607349420743,4.66666666666667,7,6.66666666666667,3.66666666666667,1,6.66666666666667,4.66666666666667,1.33333333333333,6.66666666666667,2.33333333333333,3,3.33333333333333,4.33333333333333,"2019-03-17",2414,"X",0,0,0
"CPS2-CU-T70-PC","CU","CU-T70",8,4,4,9,5,4,5,1,1,0,0,0,0,0,1,0,0,0,0.33,27,1,5,1,3.8,NA,NA,4,3,9,11,12,10,13,5.33333333333333,5.86265850064362,6,6,5.66666666666667,5,2.33333333333333,5,5.33333333333333,3.33333333333333,6.66666666666667,3,2,4,3.33333333333333,"2019-03-18",3647,"X",0,0,0
"CPS2-CU-T71-PA","CU","CU-T71",9,5,4,10,5,5,4,4,1,0,0,1,0,0,0,0,0,0,0.58,23,1,5,1,3.74,NA,NA,1,3,11,8,14,13,8,4.33333333333333,6.11265850064362,6.33333333333333,6,6.33333333333333,4.66666666666667,2,5,3.33333333333333,5.66666666666667,7,4.66666666666667,1.33333333333333,5.66666666666667,3.33333333333333,"2019-04-15",2080,"X",0,0,0
"CPS2-CU-T71-PB","CU","CU-T71",8,4,4,10,5,5,3,2,1,0,0,0,0,0,1,0,0,0,0.33,18,0,1,1,4,1450,NA,2,1,2,9,10,11,7,4.33333333333333,3.1867074967819,3,5,4,5,4.33333333333333,5,3.66666666666667,4.66666666666667,5,4.66666666666667,2,4,3,"2019-04-11",5250,"X",0,0,0
"CPS2-CU-T71-PC","CU","CU-T71",8,4,4,8,4,4,5,2,0,1,0,1,0,0,0,0,0,0,0.58,22,1,4,1,3.7,NA,34,1,3,10,11,14,9,10,3.33333333333333,5.75,4,3.33333333333333,3.33333333333333,5,4.33333333333333,3,4.66666666666667,5,4.66666666666667,6,3.33333333333333,5.66666666666667,3.33333333333333,"2019-02-10",3534,"X",0,0,0
